<?xml version="1.0" encoding="UTF-8"?><metadata>
    <idinfo>
        <descript>
            <abstract/>
            <purpose>Iowa Electrical Service Area Boundaries as maintained by the Iowa Utilities Board (last update 05/23/2023)</purpose>
        </descript>
        <keywords>
            <theme>
                <themekt>None</themekt>
                <themekey>Iowa</themekey>
                <themekey>utilities</themekey>
                <themekey>electrical service boundaries</themekey>
            </theme>
        </keywords>
        <accconst>None</accconst>
        <useconst>CC BY</useconst>
        <datacred>Iowa Utilities Board</datacred>
    </idinfo>
    <metainfo>
        <metstdn>FGDC Content Standard for Digital Geospatial Metadata</metstdn>
        <metstdv>FGDC-STD-001-1998</metstdv>
        <mettc>local time</mettc>
    </metainfo>
</metadata>
