<?xml version="1.0" encoding="UTF-8"?><metadata>
    <idinfo>
        <descript>
            <abstract>Iowa School Districts as prepared by the Iowa Department of Education for the 2023-2024 school year - updated 4/21/2023Includes the following reorganizations effective July 1, 2023:Algona CSD merged with LuVerne CSD to form Algona CSDPrairie Valley CSD merged with Southeast Webster Grand CSD to form Southeast Valley CSD</abstract>
            <purpose>Iowa School Districts as prepared by the Iowa Department of Education</purpose>
        </descript>
        <keywords>
            <theme>
                <themekt>None</themekt>
                <themekey>iowa</themekey>
                <themekey>school</themekey>
                <themekey>district</themekey>
                <themekey>education</themekey>
            </theme>
        </keywords>
        <accconst>None</accconst>
        <useconst/>
        <datacred>Iowa Department of Education, Iowa School Districts, County Auditors</datacred>
    </idinfo>
    <metainfo>
        <metstdn>FGDC Content Standard for Digital Geospatial Metadata</metstdn>
        <metstdv>FGDC-STD-001-1998</metstdv>
        <mettc>local time</mettc>
    </metainfo>
</metadata>
