<?xml version="1.0" encoding="UTF-8"?>
<metadata xml:lang="en"><Esri><CreaDate>20240729</CreaDate><CreaTime>13513400</CreaTime><ArcGISFormat>1.0</ArcGISFormat><SyncOnce>FALSE</SyncOnce><DataProperties><lineage><Process ToolSource="c:\program files\arcgis\pro\Resources\ArcToolbox\toolboxes\Data Management Tools.tbx\CalculateField" Date="20240729" Time="135134">CalculateField tl_2022_19_tract_ss ID !FID! Python # "Short (16-bit integer)" NO_ENFORCE_DOMAINS</Process><Process ToolSource="c:\program files\arcgis\pro\Resources\ArcToolbox\toolboxes\Conversion Tools.tbx\ExportFeatures" Date="20240729" Time="135812">ExportFeatures tl_2022_19_tract_ss C:\Users\jayso\OneDrive\Desktop\MAP\shapefiles\tl_2022_19_tract_ss_2\tl_2022_19_tract_ss_2.shp # NOT_USE_ALIAS "STATEFP "STATEFP" true true false 80 Text 0 0,First,#,tl_2022_19_tract_ss,STATEFP,0,79;COUNTYFP "COUNTYFP" true true false 80 Text 0 0,First,#,tl_2022_19_tract_ss,COUNTYFP,0,79;TRACTCE "TRACTCE" true true false 80 Text 0 0,First,#,tl_2022_19_tract_ss,TRACTCE,0,79;GEOID "GEOID" true true false 80 Text 0 0,First,#,tl_2022_19_tract_ss,GEOID,0,79;NAME "NAME" true true false 80 Text 0 0,First,#,tl_2022_19_tract_ss,NAME,0,79;NAMELSAD "NAMELSAD" true true false 80 Text 0 0,First,#,tl_2022_19_tract_ss,NAMELSAD,0,79;MTFCC "MTFCC" true true false 80 Text 0 0,First,#,tl_2022_19_tract_ss,MTFCC,0,79;FUNCSTAT "FUNCSTAT" true true false 80 Text 0 0,First,#,tl_2022_19_tract_ss,FUNCSTAT,0,79;ALAND "ALAND" true true false 18 Double 0 18,First,#,tl_2022_19_tract_ss,ALAND,-1,-1;AWATER "AWATER" true true false 18 Double 0 18,First,#,tl_2022_19_tract_ss,AWATER,-1,-1;INTPTLAT "INTPTLAT" true true false 80 Text 0 0,First,#,tl_2022_19_tract_ss,INTPTLAT,0,79;INTPTLON "INTPTLON" true true false 80 Text 0 0,First,#,tl_2022_19_tract_ss,INTPTLON,0,79;groups "groups" true true false 96 Text 0 0,First,#,tl_2022_19_tract_ss,groups,0,95;NEIGHBORS "NEIGHBORS" true true false 93 Text 0 0,First,#,tl_2022_19_tract_ss,NEIGHBORS,0,92;GEOID_FULL "GEOID_FULL" true true false 80 Text 0 0,First,#,tl_2022_19_tract_ss,GEOID_FULL,0,79;OBJECTID_1 "OBJECTID_1" true true false 9 Long 0 9,First,#,tl_2022_19_tract_ss,OBJECTID_1,-1,-1;NAME_1 "NAME_1" true true false 80 Text 0 0,First,#,tl_2022_19_tract_ss,NAME_1,0,79;DP02_0124E "DP02_0124E" true true false 18 Double 0 18,First,#,tl_2022_19_tract_ss,DP02_0124E,-1,-1;DP02_0059E "DP02_0059E" true true false 18 Double 0 18,First,#,tl_2022_19_tract_ss,DP02_0059E,-1,-1;DP02_0061E "DP02_0061E" true true false 18 Double 0 18,First,#,tl_2022_19_tract_ss,DP02_0061E,-1,-1;DP02_0064E "DP02_0064E" true true false 18 Double 0 18,First,#,tl_2022_19_tract_ss,DP02_0064E,-1,-1;DP02_0065E "DP02_0065E" true true false 18 Double 0 18,First,#,tl_2022_19_tract_ss,DP02_0065E,-1,-1;DP02_0068E "DP02_0068E" true true false 18 Double 0 18,First,#,tl_2022_19_tract_ss,DP02_0068E,-1,-1;DP02_0066E "DP02_0066E" true true false 18 Double 0 18,First,#,tl_2022_19_tract_ss,DP02_0066E,-1,-1;DP02_0062E "DP02_0062E" true true false 18 Double 0 18,First,#,tl_2022_19_tract_ss,DP02_0062E,-1,-1;DP02_0067E "DP02_0067E" true true false 18 Double 0 18,First,#,tl_2022_19_tract_ss,DP02_0067E,-1,-1;DP02_0060E "DP02_0060E" true true false 18 Double 0 18,First,#,tl_2022_19_tract_ss,DP02_0060E,-1,-1;DP02_0063E "DP02_0063E" true true false 18 Double 0 18,First,#,tl_2022_19_tract_ss,DP02_0063E,-1,-1;DP02_0001E "DP02_0001E" true true false 18 Double 0 18,First,#,tl_2022_19_tract_ss,DP02_0001E,-1,-1;DP02_0017E "DP02_0017E" true true false 24 Double 15 23,First,#,tl_2022_19_tract_ss,DP02_0017E,-1,-1;DP02_0016E "DP02_0016E" true true false 24 Double 15 23,First,#,tl_2022_19_tract_ss,DP02_0016E,-1,-1;DP02_0004E "DP02_0004E" true true false 18 Double 0 18,First,#,tl_2022_19_tract_ss,DP02_0004E,-1,-1;DP02_0010E "DP02_0010E" true true false 18 Double 0 18,First,#,tl_2022_19_tract_ss,DP02_0010E,-1,-1;DP02_0015E "DP02_0015E" true true false 18 Double 0 18,First,#,tl_2022_19_tract_ss,DP02_0015E,-1,-1;DP02_0006E "DP02_0006E" true true false 18 Double 0 18,First,#,tl_2022_19_tract_ss,DP02_0006E,-1,-1;DP02_0002E "DP02_0002E" true true false 18 Double 0 18,First,#,tl_2022_19_tract_ss,DP02_0002E,-1,-1;DP02_0081E "DP02_0081E" true true false 18 Double 0 18,First,#,tl_2022_19_tract_ss,DP02_0081E,-1,-1;DP02_0087E "DP02_0087E" true true false 18 Double 0 18,First,#,tl_2022_19_tract_ss,DP02_0087E,-1,-1;DP02_0082E "DP02_0082E" true true false 18 Double 0 18,First,#,tl_2022_19_tract_ss,DP02_0082E,-1,-1;DP02_0084E "DP02_0084E" true true false 18 Double 0 18,First,#,tl_2022_19_tract_ss,DP02_0084E,-1,-1;DP02_0086E "DP02_0086E" true true false 18 Double 0 18,First,#,tl_2022_19_tract_ss,DP02_0086E,-1,-1;DP02_0085E "DP02_0085E" true true false 18 Double 0 18,First,#,tl_2022_19_tract_ss,DP02_0085E,-1,-1;DP02_0083E "DP02_0083E" true true false 18 Double 0 18,First,#,tl_2022_19_tract_ss,DP02_0083E,-1,-1;DP02_0080E "DP02_0080E" true true false 18 Double 0 18,First,#,tl_2022_19_tract_ss,DP02_0080E,-1,-1;DP02_0059P "DP02_0059P" true true false 18 Double 0 18,First,#,tl_2022_19_tract_ss,DP02_0059P,-1,-1;DP02_0061P "DP02_0061P" true true false 24 Double 15 23,First,#,tl_2022_19_tract_ss,DP02_0061P,-1,-1;DP02_0064P "DP02_0064P" true true false 24 Double 15 23,First,#,tl_2022_19_tract_ss,DP02_0064P,-1,-1;DP02_0065P "DP02_0065P" true true false 24 Double 15 23,First,#,tl_2022_19_tract_ss,DP02_0065P,-1,-1;DP02_0068P "DP02_0068P" true true false 24 Double 15 23,First,#,tl_2022_19_tract_ss,DP02_0068P,-1,-1;DP02_0066P "DP02_0066P" true true false 24 Double 15 23,First,#,tl_2022_19_tract_ss,DP02_0066P,-1,-1;DP02_0062P "DP02_0062P" true true false 24 Double 15 23,First,#,tl_2022_19_tract_ss,DP02_0062P,-1,-1;DP02_0067P "DP02_0067P" true true false 24 Double 15 23,First,#,tl_2022_19_tract_ss,DP02_0067P,-1,-1;DP02_0060P "DP02_0060P" true true false 24 Double 15 23,First,#,tl_2022_19_tract_ss,DP02_0060P,-1,-1;DP02_0063P "DP02_0063P" true true false 24 Double 15 23,First,#,tl_2022_19_tract_ss,DP02_0063P,-1,-1;DP02_0004P "DP02_0004P" true true false 24 Double 15 23,First,#,tl_2022_19_tract_ss,DP02_0004P,-1,-1;DP02_0010P "DP02_0010P" true true false 24 Double 15 23,First,#,tl_2022_19_tract_ss,DP02_0010P,-1,-1;DP02_0015P "DP02_0015P" true true false 24 Double 15 23,First,#,tl_2022_19_tract_ss,DP02_0015P,-1,-1;DP02_0006P "DP02_0006P" true true false 24 Double 15 23,First,#,tl_2022_19_tract_ss,DP02_0006P,-1,-1;DP02_0002P "DP02_0002P" true true false 24 Double 15 23,First,#,tl_2022_19_tract_ss,DP02_0002P,-1,-1;DP02_0079P "DP02_0079P" true true false 18 Double 0 18,First,#,tl_2022_19_tract_ss,DP02_0079P,-1,-1;DP02_0081P "DP02_0081P" true true false 24 Double 15 23,First,#,tl_2022_19_tract_ss,DP02_0081P,-1,-1;DP02_0087P "DP02_0087P" true true false 24 Double 15 23,First,#,tl_2022_19_tract_ss,DP02_0087P,-1,-1;DP02_0082P "DP02_0082P" true true false 24 Double 15 23,First,#,tl_2022_19_tract_ss,DP02_0082P,-1,-1;DP02_0084P "DP02_0084P" true true false 24 Double 15 23,First,#,tl_2022_19_tract_ss,DP02_0084P,-1,-1;DP02_0086P "DP02_0086P" true true false 24 Double 15 23,First,#,tl_2022_19_tract_ss,DP02_0086P,-1,-1;DP02_0085P "DP02_0085P" true true false 24 Double 15 23,First,#,tl_2022_19_tract_ss,DP02_0085P,-1,-1;DP02_0083P "DP02_0083P" true true false 24 Double 15 23,First,#,tl_2022_19_tract_ss,DP02_0083P,-1,-1;DP03_0018E "DP03_0018E" true true false 18 Double 0 18,First,#,tl_2022_19_tract_ss,DP03_0018E,-1,-1;DP03_0020E "DP03_0020E" true true false 18 Double 0 18,First,#,tl_2022_19_tract_ss,DP03_0020E,-1,-1;DP03_0019E "DP03_0019E" true true false 18 Double 0 18,First,#,tl_2022_19_tract_ss,DP03_0019E,-1,-1;DP03_0025E "DP03_0025E" true true false 24 Double 15 23,First,#,tl_2022_19_tract_ss,DP03_0025E,-1,-1;DP03_0023E "DP03_0023E" true true false 18 Double 0 18,First,#,tl_2022_19_tract_ss,DP03_0023E,-1,-1;DP03_0021E "DP03_0021E" true true false 18 Double 0 18,First,#,tl_2022_19_tract_ss,DP03_0021E,-1,-1;DP03_0022E "DP03_0022E" true true false 18 Double 0 18,First,#,tl_2022_19_tract_ss,DP03_0022E,-1,-1;DP03_0024E "DP03_0024E" true true false 18 Double 0 18,First,#,tl_2022_19_tract_ss,DP03_0024E,-1,-1;DP03_0077E "DP03_0077E" true true false 18 Double 0 18,First,#,tl_2022_19_tract_ss,DP03_0077E,-1,-1;DP03_0083E "DP03_0083E" true true false 18 Double 0 18,First,#,tl_2022_19_tract_ss,DP03_0083E,-1,-1;DP03_0078E "DP03_0078E" true true false 18 Double 0 18,First,#,tl_2022_19_tract_ss,DP03_0078E,-1,-1;DP03_0084E "DP03_0084E" true true false 18 Double 0 18,First,#,tl_2022_19_tract_ss,DP03_0084E,-1,-1;DP03_0085E "DP03_0085E" true true false 18 Double 0 18,First,#,tl_2022_19_tract_ss,DP03_0085E,-1,-1;DP03_0079E "DP03_0079E" true true false 18 Double 0 18,First,#,tl_2022_19_tract_ss,DP03_0079E,-1,-1;DP03_0080E "DP03_0080E" true true false 18 Double 0 18,First,#,tl_2022_19_tract_ss,DP03_0080E,-1,-1;DP03_0081E "DP03_0081E" true true false 18 Double 0 18,First,#,tl_2022_19_tract_ss,DP03_0081E,-1,-1;DP03_0082E "DP03_0082E" true true false 18 Double 0 18,First,#,tl_2022_19_tract_ss,DP03_0082E,-1,-1;DP03_0076E "DP03_0076E" true true false 18 Double 0 18,First,#,tl_2022_19_tract_ss,DP03_0076E,-1,-1;DP03_0087E "DP03_0087E" true true false 18 Double 0 18,First,#,tl_2022_19_tract_ss,DP03_0087E,-1,-1;DP03_0086E "DP03_0086E" true true false 24 Double 15 23,First,#,tl_2022_19_tract_ss,DP03_0086E,-1,-1;DP03_0088E "DP03_0088E" true true false 18 Double 0 18,First,#,tl_2022_19_tract_ss,DP03_0088E,-1,-1;DP03_0051E "DP03_0051E" true true false 18 Double 0 18,First,#,tl_2022_19_tract_ss,DP03_0051E,-1,-1;DP03_0053E "DP03_0053E" true true false 18 Double 0 18,First,#,tl_2022_19_tract_ss,DP03_0053E,-1,-1;DP03_0059E "DP03_0059E" true true false 18 Double 0 18,First,#,tl_2022_19_tract_ss,DP03_0059E,-1,-1;DP03_0054E "DP03_0054E" true true false 18 Double 0 18,First,#,tl_2022_19_tract_ss,DP03_0054E,-1,-1;DP03_0060E "DP03_0060E" true true false 18 Double 0 18,First,#,tl_2022_19_tract_ss,DP03_0060E,-1,-1;DP03_0061E "DP03_0061E" true true false 18 Double 0 18,First,#,tl_2022_19_tract_ss,DP03_0061E,-1,-1;DP03_0055E "DP03_0055E" true true false 18 Double 0 18,First,#,tl_2022_19_tract_ss,DP03_0055E,-1,-1;DP03_0056E "DP03_0056E" true true false 18 Double 0 18,First,#,tl_2022_19_tract_ss,DP03_0056E,-1,-1;DP03_0057E "DP03_0057E" true true false 18 Double 0 18,First,#,tl_2022_19_tract_ss,DP03_0057E,-1,-1;DP03_0058E "DP03_0058E" true true false 18 Double 0 18,First,#,tl_2022_19_tract_ss,DP03_0058E,-1,-1;DP03_0052E "DP03_0052E" true true false 18 Double 0 18,First,#,tl_2022_19_tract_ss,DP03_0052E,-1,-1;DP03_0063E "DP03_0063E" true true false 18 Double 0 18,First,#,tl_2022_19_tract_ss,DP03_0063E,-1,-1;DP03_0062E "DP03_0062E" true true false 18 Double 0 18,First,#,tl_2022_19_tract_ss,DP03_0062E,-1,-1;DP03_0033E "DP03_0033E" true true false 18 Double 0 18,First,#,tl_2022_19_tract_ss,DP03_0033E,-1,-1;DP03_0043E "DP03_0043E" true true false 18 Double 0 18,First,#,tl_2022_19_tract_ss,DP03_0043E,-1,-1;DP03_0034E "DP03_0034E" true true false 18 Double 0 18,First,#,tl_2022_19_tract_ss,DP03_0034E,-1,-1;DP03_0042E "DP03_0042E" true true false 18 Double 0 18,First,#,tl_2022_19_tract_ss,DP03_0042E,-1,-1;DP03_0040E "DP03_0040E" true true false 18 Double 0 18,First,#,tl_2022_19_tract_ss,DP03_0040E,-1,-1;DP03_0039E "DP03_0039E" true true false 18 Double 0 18,First,#,tl_2022_19_tract_ss,DP03_0039E,-1,-1;DP03_0035E "DP03_0035E" true true false 18 Double 0 18,First,#,tl_2022_19_tract_ss,DP03_0035E,-1,-1;DP03_0044E "DP03_0044E" true true false 18 Double 0 18,First,#,tl_2022_19_tract_ss,DP03_0044E,-1,-1;DP03_0041E "DP03_0041E" true true false 18 Double 0 18,First,#,tl_2022_19_tract_ss,DP03_0041E,-1,-1;DP03_0045E "DP03_0045E" true true false 18 Double 0 18,First,#,tl_2022_19_tract_ss,DP03_0045E,-1,-1;DP03_0037E "DP03_0037E" true true false 18 Double 0 18,First,#,tl_2022_19_tract_ss,DP03_0037E,-1,-1;DP03_0038E "DP03_0038E" true true false 18 Double 0 18,First,#,tl_2022_19_tract_ss,DP03_0038E,-1,-1;DP03_0036E "DP03_0036E" true true false 18 Double 0 18,First,#,tl_2022_19_tract_ss,DP03_0036E,-1,-1;DP03_0026E "DP03_0026E" true true false 18 Double 0 18,First,#,tl_2022_19_tract_ss,DP03_0026E,-1,-1;DP03_0027E "DP03_0027E" true true false 18 Double 0 18,First,#,tl_2022_19_tract_ss,DP03_0027E,-1,-1;DP03_0030E "DP03_0030E" true true false 18 Double 0 18,First,#,tl_2022_19_tract_ss,DP03_0030E,-1,-1;DP03_0031E "DP03_0031E" true true false 18 Double 0 18,First,#,tl_2022_19_tract_ss,DP03_0031E,-1,-1;DP03_0029E "DP03_0029E" true true false 18 Double 0 18,First,#,tl_2022_19_tract_ss,DP03_0029E,-1,-1;DP03_0028E "DP03_0028E" true true false 18 Double 0 18,First,#,tl_2022_19_tract_ss,DP03_0028E,-1,-1;DP03_0018P "DP03_0018P" true true false 18 Double 0 18,First,#,tl_2022_19_tract_ss,DP03_0018P,-1,-1;DP03_0020P "DP03_0020P" true true false 24 Double 15 23,First,#,tl_2022_19_tract_ss,DP03_0020P,-1,-1;DP03_0019P "DP03_0019P" true true false 24 Double 15 23,First,#,tl_2022_19_tract_ss,DP03_0019P,-1,-1;DP03_0023P "DP03_0023P" true true false 24 Double 15 23,First,#,tl_2022_19_tract_ss,DP03_0023P,-1,-1;DP03_0021P "DP03_0021P" true true false 24 Double 15 23,First,#,tl_2022_19_tract_ss,DP03_0021P,-1,-1;DP03_0022P "DP03_0022P" true true false 24 Double 15 23,First,#,tl_2022_19_tract_ss,DP03_0022P,-1,-1;DP03_0024P "DP03_0024P" true true false 24 Double 15 23,First,#,tl_2022_19_tract_ss,DP03_0024P,-1,-1;DP03_0077P "DP03_0077P" true true false 24 Double 15 23,First,#,tl_2022_19_tract_ss,DP03_0077P,-1,-1;DP03_0083P "DP03_0083P" true true false 24 Double 15 23,First,#,tl_2022_19_tract_ss,DP03_0083P,-1,-1;DP03_0078P "DP03_0078P" true true false 24 Double 15 23,First,#,tl_2022_19_tract_ss,DP03_0078P,-1,-1;DP03_0084P "DP03_0084P" true true false 24 Double 15 23,First,#,tl_2022_19_tract_ss,DP03_0084P,-1,-1;DP03_0085P "DP03_0085P" true true false 24 Double 15 23,First,#,tl_2022_19_tract_ss,DP03_0085P,-1,-1;DP03_0079P "DP03_0079P" true true false 24 Double 15 23,First,#,tl_2022_19_tract_ss,DP03_0079P,-1,-1;DP03_0080P "DP03_0080P" true true false 24 Double 15 23,First,#,tl_2022_19_tract_ss,DP03_0080P,-1,-1;DP03_0081P "DP03_0081P" true true false 24 Double 15 23,First,#,tl_2022_19_tract_ss,DP03_0081P,-1,-1;DP03_0082P "DP03_0082P" true true false 24 Double 15 23,First,#,tl_2022_19_tract_ss,DP03_0082P,-1,-1;DP03_0076P "DP03_0076P" true true false 24 Double 15 23,First,#,tl_2022_19_tract_ss,DP03_0076P,-1,-1;DP03_0032P "DP03_0032P" true true false 18 Double 0 18,First,#,tl_2022_19_tract_ss,DP03_0032P,-1,-1;DP03_0033P "DP03_0033P" true true false 24 Double 15 23,First,#,tl_2022_19_tract_ss,DP03_0033P,-1,-1;DP03_0043P "DP03_0043P" true true false 24 Double 15 23,First,#,tl_2022_19_tract_ss,DP03_0043P,-1,-1;DP03_0034P "DP03_0034P" true true false 24 Double 15 23,First,#,tl_2022_19_tract_ss,DP03_0034P,-1,-1;DP03_0042P "DP03_0042P" true true false 24 Double 15 23,First,#,tl_2022_19_tract_ss,DP03_0042P,-1,-1;DP03_0040P "DP03_0040P" true true false 24 Double 15 23,First,#,tl_2022_19_tract_ss,DP03_0040P,-1,-1;DP03_0039P "DP03_0039P" true true false 24 Double 15 23,First,#,tl_2022_19_tract_ss,DP03_0039P,-1,-1;DP03_0035P "DP03_0035P" true true false 24 Double 15 23,First,#,tl_2022_19_tract_ss,DP03_0035P,-1,-1;DP03_0044P "DP03_0044P" true true false 24 Double 15 23,First,#,tl_2022_19_tract_ss,DP03_0044P,-1,-1;DP03_0041P "DP03_0041P" true true false 24 Double 15 23,First,#,tl_2022_19_tract_ss,DP03_0041P,-1,-1;DP03_0045P "DP03_0045P" true true false 24 Double 15 23,First,#,tl_2022_19_tract_ss,DP03_0045P,-1,-1;DP03_0037P "DP03_0037P" true true false 24 Double 15 23,First,#,tl_2022_19_tract_ss,DP03_0037P,-1,-1;DP03_0038P "DP03_0038P" true true false 24 Double 15 23,First,#,tl_2022_19_tract_ss,DP03_0038P,-1,-1;DP03_0036P "DP03_0036P" true true false 24 Double 15 23,First,#,tl_2022_19_tract_ss,DP03_0036P,-1,-1;DP03_0026P "DP03_0026P" true true false 18 Double 0 18,First,#,tl_2022_19_tract_ss,DP03_0026P,-1,-1;DP03_0027P "DP03_0027P" true true false 24 Double 15 23,First,#,tl_2022_19_tract_ss,DP03_0027P,-1,-1;DP03_0030P "DP03_0030P" true true false 24 Double 15 23,First,#,tl_2022_19_tract_ss,DP03_0030P,-1,-1;DP03_0031P "DP03_0031P" true true false 24 Double 15 23,First,#,tl_2022_19_tract_ss,DP03_0031P,-1,-1;DP03_0029P "DP03_0029P" true true false 24 Double 15 23,First,#,tl_2022_19_tract_ss,DP03_0029P,-1,-1;DP03_0028P "DP03_0028P" true true false 24 Double 15 23,First,#,tl_2022_19_tract_ss,DP03_0028P,-1,-1;DP03_0119P "DP03_0119P" true true false 24 Double 15 23,First,#,tl_2022_19_tract_ss,DP03_0119P,-1,-1;DP03_0128P "DP03_0128P" true true false 24 Double 15 23,First,#,tl_2022_19_tract_ss,DP03_0128P,-1,-1;DP04_0126E "DP04_0126E" true true false 18 Double 0 18,First,#,tl_2022_19_tract_ss,DP04_0126E,-1,-1;DP04_0129E "DP04_0129E" true true false 18 Double 0 18,First,#,tl_2022_19_tract_ss,DP04_0129E,-1,-1;DP04_0130E "DP04_0130E" true true false 18 Double 0 18,First,#,tl_2022_19_tract_ss,DP04_0130E,-1,-1;DP04_0131E "DP04_0131E" true true false 18 Double 0 18,First,#,tl_2022_19_tract_ss,DP04_0131E,-1,-1;DP04_0132E "DP04_0132E" true true false 18 Double 0 18,First,#,tl_2022_19_tract_ss,DP04_0132E,-1,-1;DP04_0133E "DP04_0133E" true true false 18 Double 0 18,First,#,tl_2022_19_tract_ss,DP04_0133E,-1,-1;DP04_0128E "DP04_0128E" true true false 18 Double 0 18,First,#,tl_2022_19_tract_ss,DP04_0128E,-1,-1;DP04_0127E "DP04_0127E" true true false 18 Double 0 18,First,#,tl_2022_19_tract_ss,DP04_0127E,-1,-1;DP04_0134E "DP04_0134E" true true false 24 Double 15 23,First,#,tl_2022_19_tract_ss,DP04_0134E,-1,-1;DP04_0135E "DP04_0135E" true true false 18 Double 0 18,First,#,tl_2022_19_tract_ss,DP04_0135E,-1,-1;DP04_0088E "DP04_0088E" true true false 18 Double 0 18,First,#,tl_2022_19_tract_ss,DP04_0088E,-1,-1;DP04_0083E "DP04_0083E" true true false 18 Double 0 18,First,#,tl_2022_19_tract_ss,DP04_0083E,-1,-1;DP04_0084E "DP04_0084E" true true false 18 Double 0 18,First,#,tl_2022_19_tract_ss,DP04_0084E,-1,-1;DP04_0085E "DP04_0085E" true true false 18 Double 0 18,First,#,tl_2022_19_tract_ss,DP04_0085E,-1,-1;DP04_0086E "DP04_0086E" true true false 18 Double 0 18,First,#,tl_2022_19_tract_ss,DP04_0086E,-1,-1;DP04_0082E "DP04_0082E" true true false 18 Double 0 18,First,#,tl_2022_19_tract_ss,DP04_0082E,-1,-1;DP04_0087E "DP04_0087E" true true false 18 Double 0 18,First,#,tl_2022_19_tract_ss,DP04_0087E,-1,-1;DP04_0081E "DP04_0081E" true true false 18 Double 0 18,First,#,tl_2022_19_tract_ss,DP04_0081E,-1,-1;DP04_0089E "DP04_0089E" true true false 24 Double 15 23,First,#,tl_2022_19_tract_ss,DP04_0089E,-1,-1;DP04_0126P "DP04_0126P" true true false 18 Double 0 18,First,#,tl_2022_19_tract_ss,DP04_0126P,-1,-1;DP04_0129P "DP04_0129P" true true false 24 Double 15 23,First,#,tl_2022_19_tract_ss,DP04_0129P,-1,-1;DP04_0130P "DP04_0130P" true true false 24 Double 15 23,First,#,tl_2022_19_tract_ss,DP04_0130P,-1,-1;DP04_0131P "DP04_0131P" true true false 24 Double 15 23,First,#,tl_2022_19_tract_ss,DP04_0131P,-1,-1;DP04_0132P "DP04_0132P" true true false 24 Double 15 23,First,#,tl_2022_19_tract_ss,DP04_0132P,-1,-1;DP04_0133P "DP04_0133P" true true false 24 Double 15 23,First,#,tl_2022_19_tract_ss,DP04_0133P,-1,-1;DP04_0128P "DP04_0128P" true true false 24 Double 15 23,First,#,tl_2022_19_tract_ss,DP04_0128P,-1,-1;DP04_0127P "DP04_0127P" true true false 24 Double 15 23,First,#,tl_2022_19_tract_ss,DP04_0127P,-1,-1;DP04_0088P "DP04_0088P" true true false 24 Double 15 23,First,#,tl_2022_19_tract_ss,DP04_0088P,-1,-1;DP04_0083P "DP04_0083P" true true false 24 Double 15 23,First,#,tl_2022_19_tract_ss,DP04_0083P,-1,-1;DP04_0084P "DP04_0084P" true true false 24 Double 15 23,First,#,tl_2022_19_tract_ss,DP04_0084P,-1,-1;DP04_0085P "DP04_0085P" true true false 24 Double 15 23,First,#,tl_2022_19_tract_ss,DP04_0085P,-1,-1;DP04_0086P "DP04_0086P" true true false 24 Double 15 23,First,#,tl_2022_19_tract_ss,DP04_0086P,-1,-1;DP04_0082P "DP04_0082P" true true false 24 Double 15 23,First,#,tl_2022_19_tract_ss,DP04_0082P,-1,-1;DP04_0087P "DP04_0087P" true true false 24 Double 15 23,First,#,tl_2022_19_tract_ss,DP04_0087P,-1,-1;DP04_0081P "DP04_0081P" true true false 24 Double 15 23,First,#,tl_2022_19_tract_ss,DP04_0081P,-1,-1;DP05_0089E "DP05_0089E" true true false 18 Double 0 18,First,#,tl_2022_19_tract_ss,DP05_0089E,-1,-1;DP05_0091E "DP05_0091E" true true false 18 Double 0 18,First,#,tl_2022_19_tract_ss,DP05_0091E,-1,-1;DP05_0090E "DP05_0090E" true true false 18 Double 0 18,First,#,tl_2022_19_tract_ss,DP05_0090E,-1,-1;DP05_0073E "DP05_0073E" true true false 18 Double 0 18,First,#,tl_2022_19_tract_ss,DP05_0073E,-1,-1;DP05_0078E "DP05_0078E" true true false 18 Double 0 18,First,#,tl_2022_19_tract_ss,DP05_0078E,-1,-1;DP05_0081E "DP05_0081E" true true false 18 Double 0 18,First,#,tl_2022_19_tract_ss,DP05_0081E,-1,-1;DP05_0082E "DP05_0082E" true true false 18 Double 0 18,First,#,tl_2022_19_tract_ss,DP05_0082E,-1,-1;DP05_0080E "DP05_0080E" true true false 18 Double 0 18,First,#,tl_2022_19_tract_ss,DP05_0080E,-1,-1;DP05_0083E "DP05_0083E" true true false 18 Double 0 18,First,#,tl_2022_19_tract_ss,DP05_0083E,-1,-1;DP05_0084E "DP05_0084E" true true false 18 Double 0 18,First,#,tl_2022_19_tract_ss,DP05_0084E,-1,-1;DP05_0085E "DP05_0085E" true true false 18 Double 0 18,First,#,tl_2022_19_tract_ss,DP05_0085E,-1,-1;DP05_0087E "DP05_0087E" true true false 18 Double 0 18,First,#,tl_2022_19_tract_ss,DP05_0087E,-1,-1;DP05_0086E "DP05_0086E" true true false 18 Double 0 18,First,#,tl_2022_19_tract_ss,DP05_0086E,-1,-1;DP05_0079E "DP05_0079E" true true false 18 Double 0 18,First,#,tl_2022_19_tract_ss,DP05_0079E,-1,-1;DP05_0001E "DP05_0001E" true true false 18 Double 0 18,First,#,tl_2022_19_tract_ss,DP05_0001E,-1,-1;DP05_0007E "DP05_0007E" true true false 18 Double 0 18,First,#,tl_2022_19_tract_ss,DP05_0007E,-1,-1;DP05_0008E "DP05_0008E" true true false 18 Double 0 18,First,#,tl_2022_19_tract_ss,DP05_0008E,-1,-1;DP05_0009E "DP05_0009E" true true false 18 Double 0 18,First,#,tl_2022_19_tract_ss,DP05_0009E,-1,-1;DP05_0010E "DP05_0010E" true true false 18 Double 0 18,First,#,tl_2022_19_tract_ss,DP05_0010E,-1,-1;DP05_0011E "DP05_0011E" true true false 18 Double 0 18,First,#,tl_2022_19_tract_ss,DP05_0011E,-1,-1;DP05_0012E "DP05_0012E" true true false 18 Double 0 18,First,#,tl_2022_19_tract_ss,DP05_0012E,-1,-1;DP05_0006E "DP05_0006E" true true false 18 Double 0 18,First,#,tl_2022_19_tract_ss,DP05_0006E,-1,-1;DP05_0013E "DP05_0013E" true true false 18 Double 0 18,First,#,tl_2022_19_tract_ss,DP05_0013E,-1,-1;DP05_0014E "DP05_0014E" true true false 18 Double 0 18,First,#,tl_2022_19_tract_ss,DP05_0014E,-1,-1;DP05_0015E "DP05_0015E" true true false 18 Double 0 18,First,#,tl_2022_19_tract_ss,DP05_0015E,-1,-1;DP05_0016E "DP05_0016E" true true false 18 Double 0 18,First,#,tl_2022_19_tract_ss,DP05_0016E,-1,-1;DP05_0017E "DP05_0017E" true true false 18 Double 0 18,First,#,tl_2022_19_tract_ss,DP05_0017E,-1,-1;DP05_0003E "DP05_0003E" true true false 18 Double 0 18,First,#,tl_2022_19_tract_ss,DP05_0003E,-1,-1;DP05_0002E "DP05_0002E" true true false 18 Double 0 18,First,#,tl_2022_19_tract_ss,DP05_0002E,-1,-1;DP05_0018E "DP05_0018E" true true false 24 Double 15 23,First,#,tl_2022_19_tract_ss,DP05_0018E,-1,-1;DP05_0005E "DP05_0005E" true true false 18 Double 0 18,First,#,tl_2022_19_tract_ss,DP05_0005E,-1,-1;DP05_0089P "DP05_0089P" true true false 18 Double 0 18,First,#,tl_2022_19_tract_ss,DP05_0089P,-1,-1;DP05_0091P "DP05_0091P" true true false 24 Double 15 23,First,#,tl_2022_19_tract_ss,DP05_0091P,-1,-1;DP05_0090P "DP05_0090P" true true false 24 Double 15 23,First,#,tl_2022_19_tract_ss,DP05_0090P,-1,-1;DP05_0073P "DP05_0073P" true true false 24 Double 15 23,First,#,tl_2022_19_tract_ss,DP05_0073P,-1,-1;DP05_0078P "DP05_0078P" true true false 24 Double 15 23,First,#,tl_2022_19_tract_ss,DP05_0078P,-1,-1;DP05_0081P "DP05_0081P" true true false 24 Double 15 23,First,#,tl_2022_19_tract_ss,DP05_0081P,-1,-1;DP05_0082P "DP05_0082P" true true false 24 Double 15 23,First,#,tl_2022_19_tract_ss,DP05_0082P,-1,-1;DP05_0080P "DP05_0080P" true true false 24 Double 15 23,First,#,tl_2022_19_tract_ss,DP05_0080P,-1,-1;DP05_0083P "DP05_0083P" true true false 24 Double 15 23,First,#,tl_2022_19_tract_ss,DP05_0083P,-1,-1;DP05_0084P "DP05_0084P" true true false 24 Double 15 23,First,#,tl_2022_19_tract_ss,DP05_0084P,-1,-1;DP05_0085P "DP05_0085P" true true false 24 Double 15 23,First,#,tl_2022_19_tract_ss,DP05_0085P,-1,-1;DP05_0087P "DP05_0087P" true true false 24 Double 15 23,First,#,tl_2022_19_tract_ss,DP05_0087P,-1,-1;DP05_0086P "DP05_0086P" true true false 24 Double 15 23,First,#,tl_2022_19_tract_ss,DP05_0086P,-1,-1;DP05_0079P "DP05_0079P" true true false 24 Double 15 23,First,#,tl_2022_19_tract_ss,DP05_0079P,-1,-1;DP05_0001P "DP05_0001P" true true false 18 Double 0 18,First,#,tl_2022_19_tract_ss,DP05_0001P,-1,-1;DP05_0007P "DP05_0007P" true true false 24 Double 15 23,First,#,tl_2022_19_tract_ss,DP05_0007P,-1,-1;DP05_0008P "DP05_0008P" true true false 24 Double 15 23,First,#,tl_2022_19_tract_ss,DP05_0008P,-1,-1;DP05_0009P "DP05_0009P" true true false 24 Double 15 23,First,#,tl_2022_19_tract_ss,DP05_0009P,-1,-1;DP05_0010P "DP05_0010P" true true false 24 Double 15 23,First,#,tl_2022_19_tract_ss,DP05_0010P,-1,-1;DP05_0011P "DP05_0011P" true true false 24 Double 15 23,First,#,tl_2022_19_tract_ss,DP05_0011P,-1,-1;DP05_0012P "DP05_0012P" true true false 24 Double 15 23,First,#,tl_2022_19_tract_ss,DP05_0012P,-1,-1;DP05_0006P "DP05_0006P" true true false 24 Double 15 23,First,#,tl_2022_19_tract_ss,DP05_0006P,-1,-1;DP05_0013P "DP05_0013P" true true false 24 Double 15 23,First,#,tl_2022_19_tract_ss,DP05_0013P,-1,-1;DP05_0014P "DP05_0014P" true true false 24 Double 15 23,First,#,tl_2022_19_tract_ss,DP05_0014P,-1,-1;DP05_0015P "DP05_0015P" true true false 24 Double 15 23,First,#,tl_2022_19_tract_ss,DP05_0015P,-1,-1;DP05_0016P "DP05_0016P" true true false 24 Double 15 23,First,#,tl_2022_19_tract_ss,DP05_0016P,-1,-1;DP05_0003P "DP05_0003P" true true false 24 Double 15 23,First,#,tl_2022_19_tract_ss,DP05_0003P,-1,-1;DP05_0002P "DP05_0002P" true true false 24 Double 15 23,First,#,tl_2022_19_tract_ss,DP05_0002P,-1,-1;DP05_0005P "DP05_0005P" true true false 24 Double 15 23,First,#,tl_2022_19_tract_ss,DP05_0005P,-1,-1;GID_NEIGHB "GID_NEIGHB" true true false 193 Text 0 0,First,#,tl_2022_19_tract_ss,GID_NEIGHB,0,192;ID "ID" true true false 5 Long 0 5,First,#,tl_2022_19_tract_ss,ID,-1,-1" #</Process><Process ToolSource="c:\program files\arcgis\pro\Resources\ArcToolbox\toolboxes\Data Management Tools.tbx\UpdateSchema" Date="20241016" Time="023207">UpdateSchema "CIMDATA=&lt;CIMStandardDataConnection xsi:type='typens:CIMStandardDataConnection' xmlns:xsi='http://www.w3.org/2001/XMLSchema-instance' xmlns:xs='http://www.w3.org/2001/XMLSchema' xmlns:typens='http://www.esri.com/schemas/ArcGIS/3.3.0'&gt;&lt;WorkspaceConnectionString&gt;DATABASE=C:\Users\jayso\OneDrive\Desktop\MAP\shapefiles\tl_2022_19_tract_ss_2&lt;/WorkspaceConnectionString&gt;&lt;WorkspaceFactory&gt;Shapefile&lt;/WorkspaceFactory&gt;&lt;Dataset&gt;tl_2022_19_tract_ss_2&lt;/Dataset&gt;&lt;DatasetType&gt;esriDTFeatureClass&lt;/DatasetType&gt;&lt;/CIMStandardDataConnection&gt;" &lt;operationSequence&gt;&lt;workflow&gt;&lt;AddField&gt;&lt;field_name&gt;mod_code&lt;/field_name&gt;&lt;field_type&gt;SHORT&lt;/field_type&gt;&lt;field_is_nullable&gt;False&lt;/field_is_nullable&gt;&lt;field_is_required&gt;False&lt;/field_is_required&gt;&lt;/AddField&gt;&lt;/workflow&gt;&lt;/operationSequence&gt;</Process></lineage><itemProps><itemName Sync="TRUE">tl_2022_19_tract_ss_2</itemName><imsContentType Sync="TRUE">002</imsContentType><itemSize Sync="TRUE">0.000</itemSize><itemLocation><linkage Sync="TRUE">file://\\DESKTOP-M2E8POO\C$\Users\jayso\OneDrive\Desktop\MAP\shapefiles\tl_2022_19_tract_ss_2\tl_2022_19_tract_ss_2.shp</linkage><protocol Sync="TRUE">Local Area Network</protocol></itemLocation></itemProps><coordRef><type Sync="TRUE">Geographic</type><geogcsn Sync="TRUE">GCS_North_American_1983</geogcsn><csUnits Sync="TRUE">Angular Unit: Degree (0.017453)</csUnits><peXml Sync="TRUE">&lt;GeographicCoordinateSystem xsi:type='typens:GeographicCoordinateSystem' xmlns:xsi='http://www.w3.org/2001/XMLSchema-instance' xmlns:xs='http://www.w3.org/2001/XMLSchema' xmlns:typens='http://www.esri.com/schemas/ArcGIS/3.3.0'&gt;&lt;WKT&gt;GEOGCS[&amp;quot;GCS_North_American_1983&amp;quot;,DATUM[&amp;quot;D_North_American_1983&amp;quot;,SPHEROID[&amp;quot;GRS_1980&amp;quot;,6378137.0,298.257222101]],PRIMEM[&amp;quot;Greenwich&amp;quot;,0.0],UNIT[&amp;quot;Degree&amp;quot;,0.0174532925199433],AUTHORITY[&amp;quot;EPSG&amp;quot;,4269]]&lt;/WKT&gt;&lt;XOrigin&gt;-400&lt;/XOrigin&gt;&lt;YOrigin&gt;-400&lt;/YOrigin&gt;&lt;XYScale&gt;11258999068426.238&lt;/XYScale&gt;&lt;ZOrigin&gt;-100000&lt;/ZOrigin&gt;&lt;ZScale&gt;10000&lt;/ZScale&gt;&lt;MOrigin&gt;-100000&lt;/MOrigin&gt;&lt;MScale&gt;10000&lt;/MScale&gt;&lt;XYTolerance&gt;8.983152841195215e-09&lt;/XYTolerance&gt;&lt;ZTolerance&gt;0.001&lt;/ZTolerance&gt;&lt;MTolerance&gt;0.001&lt;/MTolerance&gt;&lt;HighPrecision&gt;true&lt;/HighPrecision&gt;&lt;LeftLongitude&gt;-180&lt;/LeftLongitude&gt;&lt;WKID&gt;4269&lt;/WKID&gt;&lt;LatestWKID&gt;4269&lt;/LatestWKID&gt;&lt;/GeographicCoordinateSystem&gt;</peXml></coordRef></DataProperties><SyncDate>20240729</SyncDate><SyncTime>13581100</SyncTime><ModDate>20240729</ModDate><ModTime>13581100</ModTime></Esri><dataIdInfo><envirDesc Sync="TRUE">Microsoft Windows 10 Version 10.0 (Build 19045) ; Esri ArcGIS 13.3.0.52636</envirDesc><dataLang><languageCode value="eng" Sync="TRUE"></languageCode><countryCode value="USA" Sync="TRUE"></countryCode></dataLang><idCitation><resTitle Sync="TRUE">tl_2022_19_tract_ss_2</resTitle><presForm><PresFormCd value="005" Sync="TRUE"></PresFormCd></presForm></idCitation><spatRpType><SpatRepTypCd value="001" Sync="TRUE"></SpatRepTypCd></spatRpType></dataIdInfo><mdLang><languageCode value="eng" Sync="TRUE"></languageCode><countryCode value="USA" Sync="TRUE"></countryCode></mdLang><mdChar><CharSetCd value="004" Sync="TRUE"></CharSetCd></mdChar><distInfo><distFormat><formatName Sync="TRUE">Shapefile</formatName></distFormat><distTranOps><transSize Sync="TRUE">0.000</transSize></distTranOps></distInfo><mdHrLv><ScopeCd value="005" Sync="TRUE"></ScopeCd></mdHrLv><mdHrLvName Sync="TRUE">dataset</mdHrLvName><refSysInfo><RefSystem><refSysID><identCode code="4269" Sync="TRUE"></identCode><idCodeSpace Sync="TRUE">EPSG</idCodeSpace><idVersion Sync="TRUE">6.5(3.0.1)</idVersion></refSysID></RefSystem></refSysInfo><spatRepInfo><VectSpatRep><geometObjs Name="tl_2022_19_tract_ss_2"><geoObjTyp><GeoObjTypCd value="002" Sync="TRUE"></GeoObjTypCd></geoObjTyp><geoObjCnt Sync="TRUE">0</geoObjCnt></geometObjs><topLvl><TopoLevCd value="001" Sync="TRUE"></TopoLevCd></topLvl></VectSpatRep></spatRepInfo><spdoinfo><ptvctinf><esriterm Name="tl_2022_19_tract_ss_2"><efeatyp Sync="TRUE">Simple</efeatyp><efeageom code="4" Sync="TRUE"></efeageom><esritopo Sync="TRUE">FALSE</esritopo><efeacnt Sync="TRUE">0</efeacnt><spindex Sync="TRUE">FALSE</spindex><linrefer Sync="TRUE">FALSE</linrefer></esriterm></ptvctinf></spdoinfo><eainfo><detailed Name="tl_2022_19_tract_ss_2"><enttyp><enttypl Sync="TRUE">tl_2022_19_tract_ss_2</enttypl><enttypt Sync="TRUE">Feature Class</enttypt><enttypc Sync="TRUE">0</enttypc></enttyp><attr><attrlabl Sync="TRUE">FID</attrlabl><attalias Sync="TRUE">FID</attalias><attrtype Sync="TRUE">OID</attrtype><attwidth Sync="TRUE">4</attwidth><atprecis Sync="TRUE">0</atprecis><attscale Sync="TRUE">0</attscale><attrdef Sync="TRUE">Internal feature number.</attrdef><attrdefs Sync="TRUE">Esri</attrdefs><attrdomv><udom Sync="TRUE">Sequential unique whole numbers that are automatically generated.</udom></attrdomv></attr><attr><attrlabl Sync="TRUE">Shape</attrlabl><attalias Sync="TRUE">Shape</attalias><attrtype Sync="TRUE">Geometry</attrtype><attwidth Sync="TRUE">0</attwidth><atprecis Sync="TRUE">0</atprecis><attscale Sync="TRUE">0</attscale><attrdef Sync="TRUE">Feature geometry.</attrdef><attrdefs Sync="TRUE">Esri</attrdefs><attrdomv><udom Sync="TRUE">Coordinates defining the features.</udom></attrdomv></attr><attr><attrlabl Sync="TRUE">STATEFP</attrlabl><attalias Sync="TRUE">STATEFP</attalias><attrtype Sync="TRUE">String</attrtype><attwidth Sync="TRUE">80</attwidth><atprecis Sync="TRUE">0</atprecis><attscale Sync="TRUE">0</attscale></attr><attr><attrlabl Sync="TRUE">COUNTYFP</attrlabl><attalias Sync="TRUE">COUNTYFP</attalias><attrtype Sync="TRUE">String</attrtype><attwidth Sync="TRUE">80</attwidth><atprecis Sync="TRUE">0</atprecis><attscale Sync="TRUE">0</attscale></attr><attr><attrlabl Sync="TRUE">TRACTCE</attrlabl><attalias Sync="TRUE">TRACTCE</attalias><attrtype Sync="TRUE">String</attrtype><attwidth Sync="TRUE">80</attwidth><atprecis Sync="TRUE">0</atprecis><attscale Sync="TRUE">0</attscale></attr><attr><attrlabl Sync="TRUE">GEOID</attrlabl><attalias Sync="TRUE">GEOID</attalias><attrtype Sync="TRUE">String</attrtype><attwidth Sync="TRUE">80</attwidth><atprecis Sync="TRUE">0</atprecis><attscale Sync="TRUE">0</attscale></attr><attr><attrlabl Sync="TRUE">NAME</attrlabl><attalias Sync="TRUE">NAME</attalias><attrtype Sync="TRUE">String</attrtype><attwidth Sync="TRUE">80</attwidth><atprecis Sync="TRUE">0</atprecis><attscale Sync="TRUE">0</attscale></attr><attr><attrlabl Sync="TRUE">NAMELSAD</attrlabl><attalias Sync="TRUE">NAMELSAD</attalias><attrtype Sync="TRUE">String</attrtype><attwidth Sync="TRUE">80</attwidth><atprecis Sync="TRUE">0</atprecis><attscale Sync="TRUE">0</attscale></attr><attr><attrlabl Sync="TRUE">MTFCC</attrlabl><attalias Sync="TRUE">MTFCC</attalias><attrtype Sync="TRUE">String</attrtype><attwidth Sync="TRUE">80</attwidth><atprecis Sync="TRUE">0</atprecis><attscale Sync="TRUE">0</attscale></attr><attr><attrlabl Sync="TRUE">FUNCSTAT</attrlabl><attalias Sync="TRUE">FUNCSTAT</attalias><attrtype Sync="TRUE">String</attrtype><attwidth Sync="TRUE">80</attwidth><atprecis Sync="TRUE">0</atprecis><attscale Sync="TRUE">0</attscale></attr><attr><attrlabl Sync="TRUE">ALAND</attrlabl><attalias Sync="TRUE">ALAND</attalias><attrtype Sync="TRUE">Double</attrtype><attwidth Sync="TRUE">18</attwidth><atprecis Sync="TRUE">18</atprecis><attscale Sync="TRUE">0</attscale></attr><attr><attrlabl Sync="TRUE">AWATER</attrlabl><attalias Sync="TRUE">AWATER</attalias><attrtype Sync="TRUE">Double</attrtype><attwidth Sync="TRUE">18</attwidth><atprecis Sync="TRUE">18</atprecis><attscale Sync="TRUE">0</attscale></attr><attr><attrlabl Sync="TRUE">INTPTLAT</attrlabl><attalias Sync="TRUE">INTPTLAT</attalias><attrtype Sync="TRUE">String</attrtype><attwidth Sync="TRUE">80</attwidth><atprecis Sync="TRUE">0</atprecis><attscale Sync="TRUE">0</attscale></attr><attr><attrlabl Sync="TRUE">INTPTLON</attrlabl><attalias Sync="TRUE">INTPTLON</attalias><attrtype Sync="TRUE">String</attrtype><attwidth Sync="TRUE">80</attwidth><atprecis Sync="TRUE">0</atprecis><attscale Sync="TRUE">0</attscale></attr><attr><attrlabl Sync="TRUE">groups</attrlabl><attalias Sync="TRUE">groups</attalias><attrtype Sync="TRUE">String</attrtype><attwidth Sync="TRUE">96</attwidth><atprecis Sync="TRUE">0</atprecis><attscale Sync="TRUE">0</attscale></attr><attr><attrlabl Sync="TRUE">NEIGHBORS</attrlabl><attalias Sync="TRUE">NEIGHBORS</attalias><attrtype Sync="TRUE">String</attrtype><attwidth Sync="TRUE">93</attwidth><atprecis Sync="TRUE">0</atprecis><attscale Sync="TRUE">0</attscale></attr><attr><attrlabl Sync="TRUE">GEOID_FULL</attrlabl><attalias Sync="TRUE">GEOID_FULL</attalias><attrtype Sync="TRUE">String</attrtype><attwidth Sync="TRUE">80</attwidth><atprecis Sync="TRUE">0</atprecis><attscale Sync="TRUE">0</attscale></attr><attr><attrlabl Sync="TRUE">OBJECTID_1</attrlabl><attalias Sync="TRUE">OBJECTID_1</attalias><attrtype Sync="TRUE">Integer</attrtype><attwidth Sync="TRUE">9</attwidth><atprecis Sync="TRUE">9</atprecis><attscale Sync="TRUE">0</attscale></attr><attr><attrlabl Sync="TRUE">NAME_1</attrlabl><attalias Sync="TRUE">NAME_1</attalias><attrtype Sync="TRUE">String</attrtype><attwidth Sync="TRUE">80</attwidth><atprecis Sync="TRUE">0</atprecis><attscale Sync="TRUE">0</attscale></attr><attr><attrlabl Sync="TRUE">DP02_0124E</attrlabl><attalias Sync="TRUE">DP02_0124E</attalias><attrtype Sync="TRUE">Double</attrtype><attwidth Sync="TRUE">18</attwidth><atprecis Sync="TRUE">18</atprecis><attscale Sync="TRUE">0</attscale></attr><attr><attrlabl Sync="TRUE">DP02_0059E</attrlabl><attalias Sync="TRUE">DP02_0059E</attalias><attrtype Sync="TRUE">Double</attrtype><attwidth Sync="TRUE">18</attwidth><atprecis Sync="TRUE">18</atprecis><attscale Sync="TRUE">0</attscale></attr><attr><attrlabl Sync="TRUE">DP02_0061E</attrlabl><attalias Sync="TRUE">DP02_0061E</attalias><attrtype Sync="TRUE">Double</attrtype><attwidth Sync="TRUE">18</attwidth><atprecis Sync="TRUE">18</atprecis><attscale Sync="TRUE">0</attscale></attr><attr><attrlabl Sync="TRUE">DP02_0064E</attrlabl><attalias Sync="TRUE">DP02_0064E</attalias><attrtype Sync="TRUE">Double</attrtype><attwidth Sync="TRUE">18</attwidth><atprecis Sync="TRUE">18</atprecis><attscale Sync="TRUE">0</attscale></attr><attr><attrlabl Sync="TRUE">DP02_0065E</attrlabl><attalias Sync="TRUE">DP02_0065E</attalias><attrtype Sync="TRUE">Double</attrtype><attwidth Sync="TRUE">18</attwidth><atprecis Sync="TRUE">18</atprecis><attscale Sync="TRUE">0</attscale></attr><attr><attrlabl Sync="TRUE">DP02_0068E</attrlabl><attalias Sync="TRUE">DP02_0068E</attalias><attrtype Sync="TRUE">Double</attrtype><attwidth Sync="TRUE">18</attwidth><atprecis Sync="TRUE">18</atprecis><attscale Sync="TRUE">0</attscale></attr><attr><attrlabl Sync="TRUE">DP02_0066E</attrlabl><attalias Sync="TRUE">DP02_0066E</attalias><attrtype Sync="TRUE">Double</attrtype><attwidth Sync="TRUE">18</attwidth><atprecis Sync="TRUE">18</atprecis><attscale Sync="TRUE">0</attscale></attr><attr><attrlabl Sync="TRUE">DP02_0062E</attrlabl><attalias Sync="TRUE">DP02_0062E</attalias><attrtype Sync="TRUE">Double</attrtype><attwidth Sync="TRUE">18</attwidth><atprecis Sync="TRUE">18</atprecis><attscale Sync="TRUE">0</attscale></attr><attr><attrlabl Sync="TRUE">DP02_0067E</attrlabl><attalias Sync="TRUE">DP02_0067E</attalias><attrtype Sync="TRUE">Double</attrtype><attwidth Sync="TRUE">18</attwidth><atprecis Sync="TRUE">18</atprecis><attscale Sync="TRUE">0</attscale></attr><attr><attrlabl Sync="TRUE">DP02_0060E</attrlabl><attalias Sync="TRUE">DP02_0060E</attalias><attrtype Sync="TRUE">Double</attrtype><attwidth Sync="TRUE">18</attwidth><atprecis Sync="TRUE">18</atprecis><attscale Sync="TRUE">0</attscale></attr><attr><attrlabl Sync="TRUE">DP02_0063E</attrlabl><attalias Sync="TRUE">DP02_0063E</attalias><attrtype Sync="TRUE">Double</attrtype><attwidth Sync="TRUE">18</attwidth><atprecis Sync="TRUE">18</atprecis><attscale Sync="TRUE">0</attscale></attr><attr><attrlabl Sync="TRUE">DP02_0001E</attrlabl><attalias Sync="TRUE">DP02_0001E</attalias><attrtype Sync="TRUE">Double</attrtype><attwidth Sync="TRUE">18</attwidth><atprecis Sync="TRUE">18</atprecis><attscale Sync="TRUE">0</attscale></attr><attr><attrlabl Sync="TRUE">DP02_0017E</attrlabl><attalias Sync="TRUE">DP02_0017E</attalias><attrtype Sync="TRUE">Double</attrtype><attwidth Sync="TRUE">19</attwidth><atprecis Sync="TRUE">18</atprecis><attscale Sync="TRUE">15</attscale></attr><attr><attrlabl Sync="TRUE">DP02_0016E</attrlabl><attalias Sync="TRUE">DP02_0016E</attalias><attrtype Sync="TRUE">Double</attrtype><attwidth Sync="TRUE">19</attwidth><atprecis Sync="TRUE">18</atprecis><attscale Sync="TRUE">15</attscale></attr><attr><attrlabl Sync="TRUE">DP02_0004E</attrlabl><attalias Sync="TRUE">DP02_0004E</attalias><attrtype Sync="TRUE">Double</attrtype><attwidth Sync="TRUE">18</attwidth><atprecis Sync="TRUE">18</atprecis><attscale Sync="TRUE">0</attscale></attr><attr><attrlabl Sync="TRUE">DP02_0010E</attrlabl><attalias Sync="TRUE">DP02_0010E</attalias><attrtype Sync="TRUE">Double</attrtype><attwidth Sync="TRUE">18</attwidth><atprecis Sync="TRUE">18</atprecis><attscale Sync="TRUE">0</attscale></attr><attr><attrlabl Sync="TRUE">DP02_0015E</attrlabl><attalias Sync="TRUE">DP02_0015E</attalias><attrtype Sync="TRUE">Double</attrtype><attwidth Sync="TRUE">18</attwidth><atprecis Sync="TRUE">18</atprecis><attscale Sync="TRUE">0</attscale></attr><attr><attrlabl Sync="TRUE">DP02_0006E</attrlabl><attalias Sync="TRUE">DP02_0006E</attalias><attrtype Sync="TRUE">Double</attrtype><attwidth Sync="TRUE">18</attwidth><atprecis Sync="TRUE">18</atprecis><attscale Sync="TRUE">0</attscale></attr><attr><attrlabl Sync="TRUE">DP02_0002E</attrlabl><attalias Sync="TRUE">DP02_0002E</attalias><attrtype Sync="TRUE">Double</attrtype><attwidth Sync="TRUE">18</attwidth><atprecis Sync="TRUE">18</atprecis><attscale Sync="TRUE">0</attscale></attr><attr><attrlabl Sync="TRUE">DP02_0081E</attrlabl><attalias Sync="TRUE">DP02_0081E</attalias><attrtype Sync="TRUE">Double</attrtype><attwidth Sync="TRUE">18</attwidth><atprecis Sync="TRUE">18</atprecis><attscale Sync="TRUE">0</attscale></attr><attr><attrlabl Sync="TRUE">DP02_0087E</attrlabl><attalias Sync="TRUE">DP02_0087E</attalias><attrtype Sync="TRUE">Double</attrtype><attwidth Sync="TRUE">18</attwidth><atprecis Sync="TRUE">18</atprecis><attscale Sync="TRUE">0</attscale></attr><attr><attrlabl Sync="TRUE">DP02_0082E</attrlabl><attalias Sync="TRUE">DP02_0082E</attalias><attrtype Sync="TRUE">Double</attrtype><attwidth Sync="TRUE">18</attwidth><atprecis Sync="TRUE">18</atprecis><attscale Sync="TRUE">0</attscale></attr><attr><attrlabl Sync="TRUE">DP02_0084E</attrlabl><attalias Sync="TRUE">DP02_0084E</attalias><attrtype Sync="TRUE">Double</attrtype><attwidth Sync="TRUE">18</attwidth><atprecis Sync="TRUE">18</atprecis><attscale Sync="TRUE">0</attscale></attr><attr><attrlabl Sync="TRUE">DP02_0086E</attrlabl><attalias Sync="TRUE">DP02_0086E</attalias><attrtype Sync="TRUE">Double</attrtype><attwidth Sync="TRUE">18</attwidth><atprecis Sync="TRUE">18</atprecis><attscale Sync="TRUE">0</attscale></attr><attr><attrlabl Sync="TRUE">DP02_0085E</attrlabl><attalias Sync="TRUE">DP02_0085E</attalias><attrtype Sync="TRUE">Double</attrtype><attwidth Sync="TRUE">18</attwidth><atprecis Sync="TRUE">18</atprecis><attscale Sync="TRUE">0</attscale></attr><attr><attrlabl Sync="TRUE">DP02_0083E</attrlabl><attalias Sync="TRUE">DP02_0083E</attalias><attrtype Sync="TRUE">Double</attrtype><attwidth Sync="TRUE">18</attwidth><atprecis Sync="TRUE">18</atprecis><attscale Sync="TRUE">0</attscale></attr><attr><attrlabl Sync="TRUE">DP02_0080E</attrlabl><attalias Sync="TRUE">DP02_0080E</attalias><attrtype Sync="TRUE">Double</attrtype><attwidth Sync="TRUE">18</attwidth><atprecis Sync="TRUE">18</atprecis><attscale Sync="TRUE">0</attscale></attr><attr><attrlabl Sync="TRUE">DP02_0059P</attrlabl><attalias Sync="TRUE">DP02_0059P</attalias><attrtype Sync="TRUE">Double</attrtype><attwidth Sync="TRUE">18</attwidth><atprecis Sync="TRUE">18</atprecis><attscale Sync="TRUE">0</attscale></attr><attr><attrlabl Sync="TRUE">DP02_0061P</attrlabl><attalias Sync="TRUE">DP02_0061P</attalias><attrtype Sync="TRUE">Double</attrtype><attwidth Sync="TRUE">19</attwidth><atprecis Sync="TRUE">18</atprecis><attscale Sync="TRUE">15</attscale></attr><attr><attrlabl Sync="TRUE">DP02_0064P</attrlabl><attalias Sync="TRUE">DP02_0064P</attalias><attrtype Sync="TRUE">Double</attrtype><attwidth Sync="TRUE">19</attwidth><atprecis Sync="TRUE">18</atprecis><attscale Sync="TRUE">15</attscale></attr><attr><attrlabl Sync="TRUE">DP02_0065P</attrlabl><attalias Sync="TRUE">DP02_0065P</attalias><attrtype Sync="TRUE">Double</attrtype><attwidth Sync="TRUE">19</attwidth><atprecis Sync="TRUE">18</atprecis><attscale Sync="TRUE">15</attscale></attr><attr><attrlabl Sync="TRUE">DP02_0068P</attrlabl><attalias Sync="TRUE">DP02_0068P</attalias><attrtype Sync="TRUE">Double</attrtype><attwidth Sync="TRUE">19</attwidth><atprecis Sync="TRUE">18</atprecis><attscale Sync="TRUE">15</attscale></attr><attr><attrlabl Sync="TRUE">DP02_0066P</attrlabl><attalias Sync="TRUE">DP02_0066P</attalias><attrtype Sync="TRUE">Double</attrtype><attwidth Sync="TRUE">19</attwidth><atprecis Sync="TRUE">18</atprecis><attscale Sync="TRUE">15</attscale></attr><attr><attrlabl Sync="TRUE">DP02_0062P</attrlabl><attalias Sync="TRUE">DP02_0062P</attalias><attrtype Sync="TRUE">Double</attrtype><attwidth Sync="TRUE">19</attwidth><atprecis Sync="TRUE">18</atprecis><attscale Sync="TRUE">15</attscale></attr><attr><attrlabl Sync="TRUE">DP02_0067P</attrlabl><attalias Sync="TRUE">DP02_0067P</attalias><attrtype Sync="TRUE">Double</attrtype><attwidth Sync="TRUE">19</attwidth><atprecis Sync="TRUE">18</atprecis><attscale Sync="TRUE">15</attscale></attr><attr><attrlabl Sync="TRUE">DP02_0060P</attrlabl><attalias Sync="TRUE">DP02_0060P</attalias><attrtype Sync="TRUE">Double</attrtype><attwidth Sync="TRUE">19</attwidth><atprecis Sync="TRUE">18</atprecis><attscale Sync="TRUE">15</attscale></attr><attr><attrlabl Sync="TRUE">DP02_0063P</attrlabl><attalias Sync="TRUE">DP02_0063P</attalias><attrtype Sync="TRUE">Double</attrtype><attwidth Sync="TRUE">19</attwidth><atprecis Sync="TRUE">18</atprecis><attscale Sync="TRUE">15</attscale></attr><attr><attrlabl Sync="TRUE">DP02_0004P</attrlabl><attalias Sync="TRUE">DP02_0004P</attalias><attrtype Sync="TRUE">Double</attrtype><attwidth Sync="TRUE">19</attwidth><atprecis Sync="TRUE">18</atprecis><attscale Sync="TRUE">15</attscale></attr><attr><attrlabl Sync="TRUE">DP02_0010P</attrlabl><attalias Sync="TRUE">DP02_0010P</attalias><attrtype Sync="TRUE">Double</attrtype><attwidth Sync="TRUE">19</attwidth><atprecis Sync="TRUE">18</atprecis><attscale Sync="TRUE">15</attscale></attr><attr><attrlabl Sync="TRUE">DP02_0015P</attrlabl><attalias Sync="TRUE">DP02_0015P</attalias><attrtype Sync="TRUE">Double</attrtype><attwidth Sync="TRUE">19</attwidth><atprecis Sync="TRUE">18</atprecis><attscale Sync="TRUE">15</attscale></attr><attr><attrlabl Sync="TRUE">DP02_0006P</attrlabl><attalias Sync="TRUE">DP02_0006P</attalias><attrtype Sync="TRUE">Double</attrtype><attwidth Sync="TRUE">19</attwidth><atprecis Sync="TRUE">18</atprecis><attscale Sync="TRUE">15</attscale></attr><attr><attrlabl Sync="TRUE">DP02_0002P</attrlabl><attalias Sync="TRUE">DP02_0002P</attalias><attrtype Sync="TRUE">Double</attrtype><attwidth Sync="TRUE">19</attwidth><atprecis Sync="TRUE">18</atprecis><attscale Sync="TRUE">15</attscale></attr><attr><attrlabl Sync="TRUE">DP02_0079P</attrlabl><attalias Sync="TRUE">DP02_0079P</attalias><attrtype Sync="TRUE">Double</attrtype><attwidth Sync="TRUE">18</attwidth><atprecis Sync="TRUE">18</atprecis><attscale Sync="TRUE">0</attscale></attr><attr><attrlabl Sync="TRUE">DP02_0081P</attrlabl><attalias Sync="TRUE">DP02_0081P</attalias><attrtype Sync="TRUE">Double</attrtype><attwidth Sync="TRUE">19</attwidth><atprecis Sync="TRUE">18</atprecis><attscale Sync="TRUE">15</attscale></attr><attr><attrlabl Sync="TRUE">DP02_0087P</attrlabl><attalias Sync="TRUE">DP02_0087P</attalias><attrtype Sync="TRUE">Double</attrtype><attwidth Sync="TRUE">19</attwidth><atprecis Sync="TRUE">18</atprecis><attscale Sync="TRUE">15</attscale></attr><attr><attrlabl Sync="TRUE">DP02_0082P</attrlabl><attalias Sync="TRUE">DP02_0082P</attalias><attrtype Sync="TRUE">Double</attrtype><attwidth Sync="TRUE">19</attwidth><atprecis Sync="TRUE">18</atprecis><attscale Sync="TRUE">15</attscale></attr><attr><attrlabl Sync="TRUE">DP02_0084P</attrlabl><attalias Sync="TRUE">DP02_0084P</attalias><attrtype Sync="TRUE">Double</attrtype><attwidth Sync="TRUE">19</attwidth><atprecis Sync="TRUE">18</atprecis><attscale Sync="TRUE">15</attscale></attr><attr><attrlabl Sync="TRUE">DP02_0086P</attrlabl><attalias Sync="TRUE">DP02_0086P</attalias><attrtype Sync="TRUE">Double</attrtype><attwidth Sync="TRUE">19</attwidth><atprecis Sync="TRUE">18</atprecis><attscale Sync="TRUE">15</attscale></attr><attr><attrlabl Sync="TRUE">DP02_0085P</attrlabl><attalias Sync="TRUE">DP02_0085P</attalias><attrtype Sync="TRUE">Double</attrtype><attwidth Sync="TRUE">19</attwidth><atprecis Sync="TRUE">18</atprecis><attscale Sync="TRUE">15</attscale></attr><attr><attrlabl Sync="TRUE">DP02_0083P</attrlabl><attalias Sync="TRUE">DP02_0083P</attalias><attrtype Sync="TRUE">Double</attrtype><attwidth Sync="TRUE">19</attwidth><atprecis Sync="TRUE">18</atprecis><attscale Sync="TRUE">15</attscale></attr><attr><attrlabl Sync="TRUE">DP03_0018E</attrlabl><attalias Sync="TRUE">DP03_0018E</attalias><attrtype Sync="TRUE">Double</attrtype><attwidth Sync="TRUE">18</attwidth><atprecis Sync="TRUE">18</atprecis><attscale Sync="TRUE">0</attscale></attr><attr><attrlabl Sync="TRUE">DP03_0020E</attrlabl><attalias Sync="TRUE">DP03_0020E</attalias><attrtype Sync="TRUE">Double</attrtype><attwidth Sync="TRUE">18</attwidth><atprecis Sync="TRUE">18</atprecis><attscale Sync="TRUE">0</attscale></attr><attr><attrlabl Sync="TRUE">DP03_0019E</attrlabl><attalias Sync="TRUE">DP03_0019E</attalias><attrtype Sync="TRUE">Double</attrtype><attwidth Sync="TRUE">18</attwidth><atprecis Sync="TRUE">18</atprecis><attscale Sync="TRUE">0</attscale></attr><attr><attrlabl Sync="TRUE">DP03_0025E</attrlabl><attalias Sync="TRUE">DP03_0025E</attalias><attrtype Sync="TRUE">Double</attrtype><attwidth Sync="TRUE">19</attwidth><atprecis Sync="TRUE">18</atprecis><attscale Sync="TRUE">15</attscale></attr><attr><attrlabl Sync="TRUE">DP03_0023E</attrlabl><attalias Sync="TRUE">DP03_0023E</attalias><attrtype Sync="TRUE">Double</attrtype><attwidth Sync="TRUE">18</attwidth><atprecis Sync="TRUE">18</atprecis><attscale Sync="TRUE">0</attscale></attr><attr><attrlabl Sync="TRUE">DP03_0021E</attrlabl><attalias Sync="TRUE">DP03_0021E</attalias><attrtype Sync="TRUE">Double</attrtype><attwidth Sync="TRUE">18</attwidth><atprecis Sync="TRUE">18</atprecis><attscale Sync="TRUE">0</attscale></attr><attr><attrlabl Sync="TRUE">DP03_0022E</attrlabl><attalias Sync="TRUE">DP03_0022E</attalias><attrtype Sync="TRUE">Double</attrtype><attwidth Sync="TRUE">18</attwidth><atprecis Sync="TRUE">18</atprecis><attscale Sync="TRUE">0</attscale></attr><attr><attrlabl Sync="TRUE">DP03_0024E</attrlabl><attalias Sync="TRUE">DP03_0024E</attalias><attrtype Sync="TRUE">Double</attrtype><attwidth Sync="TRUE">18</attwidth><atprecis Sync="TRUE">18</atprecis><attscale Sync="TRUE">0</attscale></attr><attr><attrlabl Sync="TRUE">DP03_0077E</attrlabl><attalias Sync="TRUE">DP03_0077E</attalias><attrtype Sync="TRUE">Double</attrtype><attwidth Sync="TRUE">18</attwidth><atprecis Sync="TRUE">18</atprecis><attscale Sync="TRUE">0</attscale></attr><attr><attrlabl Sync="TRUE">DP03_0083E</attrlabl><attalias Sync="TRUE">DP03_0083E</attalias><attrtype Sync="TRUE">Double</attrtype><attwidth Sync="TRUE">18</attwidth><atprecis Sync="TRUE">18</atprecis><attscale Sync="TRUE">0</attscale></attr><attr><attrlabl Sync="TRUE">DP03_0078E</attrlabl><attalias Sync="TRUE">DP03_0078E</attalias><attrtype Sync="TRUE">Double</attrtype><attwidth Sync="TRUE">18</attwidth><atprecis Sync="TRUE">18</atprecis><attscale Sync="TRUE">0</attscale></attr><attr><attrlabl Sync="TRUE">DP03_0084E</attrlabl><attalias Sync="TRUE">DP03_0084E</attalias><attrtype Sync="TRUE">Double</attrtype><attwidth Sync="TRUE">18</attwidth><atprecis Sync="TRUE">18</atprecis><attscale Sync="TRUE">0</attscale></attr><attr><attrlabl Sync="TRUE">DP03_0085E</attrlabl><attalias Sync="TRUE">DP03_0085E</attalias><attrtype Sync="TRUE">Double</attrtype><attwidth Sync="TRUE">18</attwidth><atprecis Sync="TRUE">18</atprecis><attscale Sync="TRUE">0</attscale></attr><attr><attrlabl Sync="TRUE">DP03_0079E</attrlabl><attalias Sync="TRUE">DP03_0079E</attalias><attrtype Sync="TRUE">Double</attrtype><attwidth Sync="TRUE">18</attwidth><atprecis Sync="TRUE">18</atprecis><attscale Sync="TRUE">0</attscale></attr><attr><attrlabl Sync="TRUE">DP03_0080E</attrlabl><attalias Sync="TRUE">DP03_0080E</attalias><attrtype Sync="TRUE">Double</attrtype><attwidth Sync="TRUE">18</attwidth><atprecis Sync="TRUE">18</atprecis><attscale Sync="TRUE">0</attscale></attr><attr><attrlabl Sync="TRUE">DP03_0081E</attrlabl><attalias Sync="TRUE">DP03_0081E</attalias><attrtype Sync="TRUE">Double</attrtype><attwidth Sync="TRUE">18</attwidth><atprecis Sync="TRUE">18</atprecis><attscale Sync="TRUE">0</attscale></attr><attr><attrlabl Sync="TRUE">DP03_0082E</attrlabl><attalias Sync="TRUE">DP03_0082E</attalias><attrtype Sync="TRUE">Double</attrtype><attwidth Sync="TRUE">18</attwidth><atprecis Sync="TRUE">18</atprecis><attscale Sync="TRUE">0</attscale></attr><attr><attrlabl Sync="TRUE">DP03_0076E</attrlabl><attalias Sync="TRUE">DP03_0076E</attalias><attrtype Sync="TRUE">Double</attrtype><attwidth Sync="TRUE">18</attwidth><atprecis Sync="TRUE">18</atprecis><attscale Sync="TRUE">0</attscale></attr><attr><attrlabl Sync="TRUE">DP03_0087E</attrlabl><attalias Sync="TRUE">DP03_0087E</attalias><attrtype Sync="TRUE">Double</attrtype><attwidth Sync="TRUE">18</attwidth><atprecis Sync="TRUE">18</atprecis><attscale Sync="TRUE">0</attscale></attr><attr><attrlabl Sync="TRUE">DP03_0086E</attrlabl><attalias Sync="TRUE">DP03_0086E</attalias><attrtype Sync="TRUE">Double</attrtype><attwidth Sync="TRUE">19</attwidth><atprecis Sync="TRUE">18</atprecis><attscale Sync="TRUE">15</attscale></attr><attr><attrlabl Sync="TRUE">DP03_0088E</attrlabl><attalias Sync="TRUE">DP03_0088E</attalias><attrtype Sync="TRUE">Double</attrtype><attwidth Sync="TRUE">18</attwidth><atprecis Sync="TRUE">18</atprecis><attscale Sync="TRUE">0</attscale></attr><attr><attrlabl Sync="TRUE">DP03_0051E</attrlabl><attalias Sync="TRUE">DP03_0051E</attalias><attrtype Sync="TRUE">Double</attrtype><attwidth Sync="TRUE">18</attwidth><atprecis Sync="TRUE">18</atprecis><attscale Sync="TRUE">0</attscale></attr><attr><attrlabl Sync="TRUE">DP03_0053E</attrlabl><attalias Sync="TRUE">DP03_0053E</attalias><attrtype Sync="TRUE">Double</attrtype><attwidth Sync="TRUE">18</attwidth><atprecis Sync="TRUE">18</atprecis><attscale Sync="TRUE">0</attscale></attr><attr><attrlabl Sync="TRUE">DP03_0059E</attrlabl><attalias Sync="TRUE">DP03_0059E</attalias><attrtype Sync="TRUE">Double</attrtype><attwidth Sync="TRUE">18</attwidth><atprecis Sync="TRUE">18</atprecis><attscale Sync="TRUE">0</attscale></attr><attr><attrlabl Sync="TRUE">DP03_0054E</attrlabl><attalias Sync="TRUE">DP03_0054E</attalias><attrtype Sync="TRUE">Double</attrtype><attwidth Sync="TRUE">18</attwidth><atprecis Sync="TRUE">18</atprecis><attscale Sync="TRUE">0</attscale></attr><attr><attrlabl Sync="TRUE">DP03_0060E</attrlabl><attalias Sync="TRUE">DP03_0060E</attalias><attrtype Sync="TRUE">Double</attrtype><attwidth Sync="TRUE">18</attwidth><atprecis Sync="TRUE">18</atprecis><attscale Sync="TRUE">0</attscale></attr><attr><attrlabl Sync="TRUE">DP03_0061E</attrlabl><attalias Sync="TRUE">DP03_0061E</attalias><attrtype Sync="TRUE">Double</attrtype><attwidth Sync="TRUE">18</attwidth><atprecis Sync="TRUE">18</atprecis><attscale Sync="TRUE">0</attscale></attr><attr><attrlabl Sync="TRUE">DP03_0055E</attrlabl><attalias Sync="TRUE">DP03_0055E</attalias><attrtype Sync="TRUE">Double</attrtype><attwidth Sync="TRUE">18</attwidth><atprecis Sync="TRUE">18</atprecis><attscale Sync="TRUE">0</attscale></attr><attr><attrlabl Sync="TRUE">DP03_0056E</attrlabl><attalias Sync="TRUE">DP03_0056E</attalias><attrtype Sync="TRUE">Double</attrtype><attwidth Sync="TRUE">18</attwidth><atprecis Sync="TRUE">18</atprecis><attscale Sync="TRUE">0</attscale></attr><attr><attrlabl Sync="TRUE">DP03_0057E</attrlabl><attalias Sync="TRUE">DP03_0057E</attalias><attrtype Sync="TRUE">Double</attrtype><attwidth Sync="TRUE">18</attwidth><atprecis Sync="TRUE">18</atprecis><attscale Sync="TRUE">0</attscale></attr><attr><attrlabl Sync="TRUE">DP03_0058E</attrlabl><attalias Sync="TRUE">DP03_0058E</attalias><attrtype Sync="TRUE">Double</attrtype><attwidth Sync="TRUE">18</attwidth><atprecis Sync="TRUE">18</atprecis><attscale Sync="TRUE">0</attscale></attr><attr><attrlabl Sync="TRUE">DP03_0052E</attrlabl><attalias Sync="TRUE">DP03_0052E</attalias><attrtype Sync="TRUE">Double</attrtype><attwidth Sync="TRUE">18</attwidth><atprecis Sync="TRUE">18</atprecis><attscale Sync="TRUE">0</attscale></attr><attr><attrlabl Sync="TRUE">DP03_0063E</attrlabl><attalias Sync="TRUE">DP03_0063E</attalias><attrtype Sync="TRUE">Double</attrtype><attwidth Sync="TRUE">18</attwidth><atprecis Sync="TRUE">18</atprecis><attscale Sync="TRUE">0</attscale></attr><attr><attrlabl Sync="TRUE">DP03_0062E</attrlabl><attalias Sync="TRUE">DP03_0062E</attalias><attrtype Sync="TRUE">Double</attrtype><attwidth Sync="TRUE">18</attwidth><atprecis Sync="TRUE">18</atprecis><attscale Sync="TRUE">0</attscale></attr><attr><attrlabl Sync="TRUE">DP03_0033E</attrlabl><attalias Sync="TRUE">DP03_0033E</attalias><attrtype Sync="TRUE">Double</attrtype><attwidth Sync="TRUE">18</attwidth><atprecis Sync="TRUE">18</atprecis><attscale Sync="TRUE">0</attscale></attr><attr><attrlabl Sync="TRUE">DP03_0043E</attrlabl><attalias Sync="TRUE">DP03_0043E</attalias><attrtype Sync="TRUE">Double</attrtype><attwidth Sync="TRUE">18</attwidth><atprecis Sync="TRUE">18</atprecis><attscale Sync="TRUE">0</attscale></attr><attr><attrlabl Sync="TRUE">DP03_0034E</attrlabl><attalias Sync="TRUE">DP03_0034E</attalias><attrtype Sync="TRUE">Double</attrtype><attwidth Sync="TRUE">18</attwidth><atprecis Sync="TRUE">18</atprecis><attscale Sync="TRUE">0</attscale></attr><attr><attrlabl Sync="TRUE">DP03_0042E</attrlabl><attalias Sync="TRUE">DP03_0042E</attalias><attrtype Sync="TRUE">Double</attrtype><attwidth Sync="TRUE">18</attwidth><atprecis Sync="TRUE">18</atprecis><attscale Sync="TRUE">0</attscale></attr><attr><attrlabl Sync="TRUE">DP03_0040E</attrlabl><attalias Sync="TRUE">DP03_0040E</attalias><attrtype Sync="TRUE">Double</attrtype><attwidth Sync="TRUE">18</attwidth><atprecis Sync="TRUE">18</atprecis><attscale Sync="TRUE">0</attscale></attr><attr><attrlabl Sync="TRUE">DP03_0039E</attrlabl><attalias Sync="TRUE">DP03_0039E</attalias><attrtype Sync="TRUE">Double</attrtype><attwidth Sync="TRUE">18</attwidth><atprecis Sync="TRUE">18</atprecis><attscale Sync="TRUE">0</attscale></attr><attr><attrlabl Sync="TRUE">DP03_0035E</attrlabl><attalias Sync="TRUE">DP03_0035E</attalias><attrtype Sync="TRUE">Double</attrtype><attwidth Sync="TRUE">18</attwidth><atprecis Sync="TRUE">18</atprecis><attscale Sync="TRUE">0</attscale></attr><attr><attrlabl Sync="TRUE">DP03_0044E</attrlabl><attalias Sync="TRUE">DP03_0044E</attalias><attrtype Sync="TRUE">Double</attrtype><attwidth Sync="TRUE">18</attwidth><atprecis Sync="TRUE">18</atprecis><attscale Sync="TRUE">0</attscale></attr><attr><attrlabl Sync="TRUE">DP03_0041E</attrlabl><attalias Sync="TRUE">DP03_0041E</attalias><attrtype Sync="TRUE">Double</attrtype><attwidth Sync="TRUE">18</attwidth><atprecis Sync="TRUE">18</atprecis><attscale Sync="TRUE">0</attscale></attr><attr><attrlabl Sync="TRUE">DP03_0045E</attrlabl><attalias Sync="TRUE">DP03_0045E</attalias><attrtype Sync="TRUE">Double</attrtype><attwidth Sync="TRUE">18</attwidth><atprecis Sync="TRUE">18</atprecis><attscale Sync="TRUE">0</attscale></attr><attr><attrlabl Sync="TRUE">DP03_0037E</attrlabl><attalias Sync="TRUE">DP03_0037E</attalias><attrtype Sync="TRUE">Double</attrtype><attwidth Sync="TRUE">18</attwidth><atprecis Sync="TRUE">18</atprecis><attscale Sync="TRUE">0</attscale></attr><attr><attrlabl Sync="TRUE">DP03_0038E</attrlabl><attalias Sync="TRUE">DP03_0038E</attalias><attrtype Sync="TRUE">Double</attrtype><attwidth Sync="TRUE">18</attwidth><atprecis Sync="TRUE">18</atprecis><attscale Sync="TRUE">0</attscale></attr><attr><attrlabl Sync="TRUE">DP03_0036E</attrlabl><attalias Sync="TRUE">DP03_0036E</attalias><attrtype Sync="TRUE">Double</attrtype><attwidth Sync="TRUE">18</attwidth><atprecis Sync="TRUE">18</atprecis><attscale Sync="TRUE">0</attscale></attr><attr><attrlabl Sync="TRUE">DP03_0026E</attrlabl><attalias Sync="TRUE">DP03_0026E</attalias><attrtype Sync="TRUE">Double</attrtype><attwidth Sync="TRUE">18</attwidth><atprecis Sync="TRUE">18</atprecis><attscale Sync="TRUE">0</attscale></attr><attr><attrlabl Sync="TRUE">DP03_0027E</attrlabl><attalias Sync="TRUE">DP03_0027E</attalias><attrtype Sync="TRUE">Double</attrtype><attwidth Sync="TRUE">18</attwidth><atprecis Sync="TRUE">18</atprecis><attscale Sync="TRUE">0</attscale></attr><attr><attrlabl Sync="TRUE">DP03_0030E</attrlabl><attalias Sync="TRUE">DP03_0030E</attalias><attrtype Sync="TRUE">Double</attrtype><attwidth Sync="TRUE">18</attwidth><atprecis Sync="TRUE">18</atprecis><attscale Sync="TRUE">0</attscale></attr><attr><attrlabl Sync="TRUE">DP03_0031E</attrlabl><attalias Sync="TRUE">DP03_0031E</attalias><attrtype Sync="TRUE">Double</attrtype><attwidth Sync="TRUE">18</attwidth><atprecis Sync="TRUE">18</atprecis><attscale Sync="TRUE">0</attscale></attr><attr><attrlabl Sync="TRUE">DP03_0029E</attrlabl><attalias Sync="TRUE">DP03_0029E</attalias><attrtype Sync="TRUE">Double</attrtype><attwidth Sync="TRUE">18</attwidth><atprecis Sync="TRUE">18</atprecis><attscale Sync="TRUE">0</attscale></attr><attr><attrlabl Sync="TRUE">DP03_0028E</attrlabl><attalias Sync="TRUE">DP03_0028E</attalias><attrtype Sync="TRUE">Double</attrtype><attwidth Sync="TRUE">18</attwidth><atprecis Sync="TRUE">18</atprecis><attscale Sync="TRUE">0</attscale></attr><attr><attrlabl Sync="TRUE">DP03_0018P</attrlabl><attalias Sync="TRUE">DP03_0018P</attalias><attrtype Sync="TRUE">Double</attrtype><attwidth Sync="TRUE">18</attwidth><atprecis Sync="TRUE">18</atprecis><attscale Sync="TRUE">0</attscale></attr><attr><attrlabl Sync="TRUE">DP03_0020P</attrlabl><attalias Sync="TRUE">DP03_0020P</attalias><attrtype Sync="TRUE">Double</attrtype><attwidth Sync="TRUE">19</attwidth><atprecis Sync="TRUE">18</atprecis><attscale Sync="TRUE">15</attscale></attr><attr><attrlabl Sync="TRUE">DP03_0019P</attrlabl><attalias Sync="TRUE">DP03_0019P</attalias><attrtype Sync="TRUE">Double</attrtype><attwidth Sync="TRUE">19</attwidth><atprecis Sync="TRUE">18</atprecis><attscale Sync="TRUE">15</attscale></attr><attr><attrlabl Sync="TRUE">DP03_0023P</attrlabl><attalias Sync="TRUE">DP03_0023P</attalias><attrtype Sync="TRUE">Double</attrtype><attwidth Sync="TRUE">19</attwidth><atprecis Sync="TRUE">18</atprecis><attscale Sync="TRUE">15</attscale></attr><attr><attrlabl Sync="TRUE">DP03_0021P</attrlabl><attalias Sync="TRUE">DP03_0021P</attalias><attrtype Sync="TRUE">Double</attrtype><attwidth Sync="TRUE">19</attwidth><atprecis Sync="TRUE">18</atprecis><attscale Sync="TRUE">15</attscale></attr><attr><attrlabl Sync="TRUE">DP03_0022P</attrlabl><attalias Sync="TRUE">DP03_0022P</attalias><attrtype Sync="TRUE">Double</attrtype><attwidth Sync="TRUE">19</attwidth><atprecis Sync="TRUE">18</atprecis><attscale Sync="TRUE">15</attscale></attr><attr><attrlabl Sync="TRUE">DP03_0024P</attrlabl><attalias Sync="TRUE">DP03_0024P</attalias><attrtype Sync="TRUE">Double</attrtype><attwidth Sync="TRUE">19</attwidth><atprecis Sync="TRUE">18</atprecis><attscale Sync="TRUE">15</attscale></attr><attr><attrlabl Sync="TRUE">DP03_0077P</attrlabl><attalias Sync="TRUE">DP03_0077P</attalias><attrtype Sync="TRUE">Double</attrtype><attwidth Sync="TRUE">19</attwidth><atprecis Sync="TRUE">18</atprecis><attscale Sync="TRUE">15</attscale></attr><attr><attrlabl Sync="TRUE">DP03_0083P</attrlabl><attalias Sync="TRUE">DP03_0083P</attalias><attrtype Sync="TRUE">Double</attrtype><attwidth Sync="TRUE">19</attwidth><atprecis Sync="TRUE">18</atprecis><attscale Sync="TRUE">15</attscale></attr><attr><attrlabl Sync="TRUE">DP03_0078P</attrlabl><attalias Sync="TRUE">DP03_0078P</attalias><attrtype Sync="TRUE">Double</attrtype><attwidth Sync="TRUE">19</attwidth><atprecis Sync="TRUE">18</atprecis><attscale Sync="TRUE">15</attscale></attr><attr><attrlabl Sync="TRUE">DP03_0084P</attrlabl><attalias Sync="TRUE">DP03_0084P</attalias><attrtype Sync="TRUE">Double</attrtype><attwidth Sync="TRUE">19</attwidth><atprecis Sync="TRUE">18</atprecis><attscale Sync="TRUE">15</attscale></attr><attr><attrlabl Sync="TRUE">DP03_0085P</attrlabl><attalias Sync="TRUE">DP03_0085P</attalias><attrtype Sync="TRUE">Double</attrtype><attwidth Sync="TRUE">19</attwidth><atprecis Sync="TRUE">18</atprecis><attscale Sync="TRUE">15</attscale></attr><attr><attrlabl Sync="TRUE">DP03_0079P</attrlabl><attalias Sync="TRUE">DP03_0079P</attalias><attrtype Sync="TRUE">Double</attrtype><attwidth Sync="TRUE">19</attwidth><atprecis Sync="TRUE">18</atprecis><attscale Sync="TRUE">15</attscale></attr><attr><attrlabl Sync="TRUE">DP03_0080P</attrlabl><attalias Sync="TRUE">DP03_0080P</attalias><attrtype Sync="TRUE">Double</attrtype><attwidth Sync="TRUE">19</attwidth><atprecis Sync="TRUE">18</atprecis><attscale Sync="TRUE">15</attscale></attr><attr><attrlabl Sync="TRUE">DP03_0081P</attrlabl><attalias Sync="TRUE">DP03_0081P</attalias><attrtype Sync="TRUE">Double</attrtype><attwidth Sync="TRUE">19</attwidth><atprecis Sync="TRUE">18</atprecis><attscale Sync="TRUE">15</attscale></attr><attr><attrlabl Sync="TRUE">DP03_0082P</attrlabl><attalias Sync="TRUE">DP03_0082P</attalias><attrtype Sync="TRUE">Double</attrtype><attwidth Sync="TRUE">19</attwidth><atprecis Sync="TRUE">18</atprecis><attscale Sync="TRUE">15</attscale></attr><attr><attrlabl Sync="TRUE">DP03_0076P</attrlabl><attalias Sync="TRUE">DP03_0076P</attalias><attrtype Sync="TRUE">Double</attrtype><attwidth Sync="TRUE">19</attwidth><atprecis Sync="TRUE">18</atprecis><attscale Sync="TRUE">15</attscale></attr><attr><attrlabl Sync="TRUE">DP03_0032P</attrlabl><attalias Sync="TRUE">DP03_0032P</attalias><attrtype Sync="TRUE">Double</attrtype><attwidth Sync="TRUE">18</attwidth><atprecis Sync="TRUE">18</atprecis><attscale Sync="TRUE">0</attscale></attr><attr><attrlabl Sync="TRUE">DP03_0033P</attrlabl><attalias Sync="TRUE">DP03_0033P</attalias><attrtype Sync="TRUE">Double</attrtype><attwidth Sync="TRUE">19</attwidth><atprecis Sync="TRUE">18</atprecis><attscale Sync="TRUE">15</attscale></attr><attr><attrlabl Sync="TRUE">DP03_0043P</attrlabl><attalias Sync="TRUE">DP03_0043P</attalias><attrtype Sync="TRUE">Double</attrtype><attwidth Sync="TRUE">19</attwidth><atprecis Sync="TRUE">18</atprecis><attscale Sync="TRUE">15</attscale></attr><attr><attrlabl Sync="TRUE">DP03_0034P</attrlabl><attalias Sync="TRUE">DP03_0034P</attalias><attrtype Sync="TRUE">Double</attrtype><attwidth Sync="TRUE">19</attwidth><atprecis Sync="TRUE">18</atprecis><attscale Sync="TRUE">15</attscale></attr><attr><attrlabl Sync="TRUE">DP03_0042P</attrlabl><attalias Sync="TRUE">DP03_0042P</attalias><attrtype Sync="TRUE">Double</attrtype><attwidth Sync="TRUE">19</attwidth><atprecis Sync="TRUE">18</atprecis><attscale Sync="TRUE">15</attscale></attr><attr><attrlabl Sync="TRUE">DP03_0040P</attrlabl><attalias Sync="TRUE">DP03_0040P</attalias><attrtype Sync="TRUE">Double</attrtype><attwidth Sync="TRUE">19</attwidth><atprecis Sync="TRUE">18</atprecis><attscale Sync="TRUE">15</attscale></attr><attr><attrlabl Sync="TRUE">DP03_0039P</attrlabl><attalias Sync="TRUE">DP03_0039P</attalias><attrtype Sync="TRUE">Double</attrtype><attwidth Sync="TRUE">19</attwidth><atprecis Sync="TRUE">18</atprecis><attscale Sync="TRUE">15</attscale></attr><attr><attrlabl Sync="TRUE">DP03_0035P</attrlabl><attalias Sync="TRUE">DP03_0035P</attalias><attrtype Sync="TRUE">Double</attrtype><attwidth Sync="TRUE">19</attwidth><atprecis Sync="TRUE">18</atprecis><attscale Sync="TRUE">15</attscale></attr><attr><attrlabl Sync="TRUE">DP03_0044P</attrlabl><attalias Sync="TRUE">DP03_0044P</attalias><attrtype Sync="TRUE">Double</attrtype><attwidth Sync="TRUE">19</attwidth><atprecis Sync="TRUE">18</atprecis><attscale Sync="TRUE">15</attscale></attr><attr><attrlabl Sync="TRUE">DP03_0041P</attrlabl><attalias Sync="TRUE">DP03_0041P</attalias><attrtype Sync="TRUE">Double</attrtype><attwidth Sync="TRUE">19</attwidth><atprecis Sync="TRUE">18</atprecis><attscale Sync="TRUE">15</attscale></attr><attr><attrlabl Sync="TRUE">DP03_0045P</attrlabl><attalias Sync="TRUE">DP03_0045P</attalias><attrtype Sync="TRUE">Double</attrtype><attwidth Sync="TRUE">19</attwidth><atprecis Sync="TRUE">18</atprecis><attscale Sync="TRUE">15</attscale></attr><attr><attrlabl Sync="TRUE">DP03_0037P</attrlabl><attalias Sync="TRUE">DP03_0037P</attalias><attrtype Sync="TRUE">Double</attrtype><attwidth Sync="TRUE">19</attwidth><atprecis Sync="TRUE">18</atprecis><attscale Sync="TRUE">15</attscale></attr><attr><attrlabl Sync="TRUE">DP03_0038P</attrlabl><attalias Sync="TRUE">DP03_0038P</attalias><attrtype Sync="TRUE">Double</attrtype><attwidth Sync="TRUE">19</attwidth><atprecis Sync="TRUE">18</atprecis><attscale Sync="TRUE">15</attscale></attr><attr><attrlabl Sync="TRUE">DP03_0036P</attrlabl><attalias Sync="TRUE">DP03_0036P</attalias><attrtype Sync="TRUE">Double</attrtype><attwidth Sync="TRUE">19</attwidth><atprecis Sync="TRUE">18</atprecis><attscale Sync="TRUE">15</attscale></attr><attr><attrlabl Sync="TRUE">DP03_0026P</attrlabl><attalias Sync="TRUE">DP03_0026P</attalias><attrtype Sync="TRUE">Double</attrtype><attwidth Sync="TRUE">18</attwidth><atprecis Sync="TRUE">18</atprecis><attscale Sync="TRUE">0</attscale></attr><attr><attrlabl Sync="TRUE">DP03_0027P</attrlabl><attalias Sync="TRUE">DP03_0027P</attalias><attrtype Sync="TRUE">Double</attrtype><attwidth Sync="TRUE">19</attwidth><atprecis Sync="TRUE">18</atprecis><attscale Sync="TRUE">15</attscale></attr><attr><attrlabl Sync="TRUE">DP03_0030P</attrlabl><attalias Sync="TRUE">DP03_0030P</attalias><attrtype Sync="TRUE">Double</attrtype><attwidth Sync="TRUE">19</attwidth><atprecis Sync="TRUE">18</atprecis><attscale Sync="TRUE">15</attscale></attr><attr><attrlabl Sync="TRUE">DP03_0031P</attrlabl><attalias Sync="TRUE">DP03_0031P</attalias><attrtype Sync="TRUE">Double</attrtype><attwidth Sync="TRUE">19</attwidth><atprecis Sync="TRUE">18</atprecis><attscale Sync="TRUE">15</attscale></attr><attr><attrlabl Sync="TRUE">DP03_0029P</attrlabl><attalias Sync="TRUE">DP03_0029P</attalias><attrtype Sync="TRUE">Double</attrtype><attwidth Sync="TRUE">19</attwidth><atprecis Sync="TRUE">18</atprecis><attscale Sync="TRUE">15</attscale></attr><attr><attrlabl Sync="TRUE">DP03_0028P</attrlabl><attalias Sync="TRUE">DP03_0028P</attalias><attrtype Sync="TRUE">Double</attrtype><attwidth Sync="TRUE">19</attwidth><atprecis Sync="TRUE">18</atprecis><attscale Sync="TRUE">15</attscale></attr><attr><attrlabl Sync="TRUE">DP03_0119P</attrlabl><attalias Sync="TRUE">DP03_0119P</attalias><attrtype Sync="TRUE">Double</attrtype><attwidth Sync="TRUE">19</attwidth><atprecis Sync="TRUE">18</atprecis><attscale Sync="TRUE">15</attscale></attr><attr><attrlabl Sync="TRUE">DP03_0128P</attrlabl><attalias Sync="TRUE">DP03_0128P</attalias><attrtype Sync="TRUE">Double</attrtype><attwidth Sync="TRUE">19</attwidth><atprecis Sync="TRUE">18</atprecis><attscale Sync="TRUE">15</attscale></attr><attr><attrlabl Sync="TRUE">DP04_0126E</attrlabl><attalias Sync="TRUE">DP04_0126E</attalias><attrtype Sync="TRUE">Double</attrtype><attwidth Sync="TRUE">18</attwidth><atprecis Sync="TRUE">18</atprecis><attscale Sync="TRUE">0</attscale></attr><attr><attrlabl Sync="TRUE">DP04_0129E</attrlabl><attalias Sync="TRUE">DP04_0129E</attalias><attrtype Sync="TRUE">Double</attrtype><attwidth Sync="TRUE">18</attwidth><atprecis Sync="TRUE">18</atprecis><attscale Sync="TRUE">0</attscale></attr><attr><attrlabl Sync="TRUE">DP04_0130E</attrlabl><attalias Sync="TRUE">DP04_0130E</attalias><attrtype Sync="TRUE">Double</attrtype><attwidth Sync="TRUE">18</attwidth><atprecis Sync="TRUE">18</atprecis><attscale Sync="TRUE">0</attscale></attr><attr><attrlabl Sync="TRUE">DP04_0131E</attrlabl><attalias Sync="TRUE">DP04_0131E</attalias><attrtype Sync="TRUE">Double</attrtype><attwidth Sync="TRUE">18</attwidth><atprecis Sync="TRUE">18</atprecis><attscale Sync="TRUE">0</attscale></attr><attr><attrlabl Sync="TRUE">DP04_0132E</attrlabl><attalias Sync="TRUE">DP04_0132E</attalias><attrtype Sync="TRUE">Double</attrtype><attwidth Sync="TRUE">18</attwidth><atprecis Sync="TRUE">18</atprecis><attscale Sync="TRUE">0</attscale></attr><attr><attrlabl Sync="TRUE">DP04_0133E</attrlabl><attalias Sync="TRUE">DP04_0133E</attalias><attrtype Sync="TRUE">Double</attrtype><attwidth Sync="TRUE">18</attwidth><atprecis Sync="TRUE">18</atprecis><attscale Sync="TRUE">0</attscale></attr><attr><attrlabl Sync="TRUE">DP04_0128E</attrlabl><attalias Sync="TRUE">DP04_0128E</attalias><attrtype Sync="TRUE">Double</attrtype><attwidth Sync="TRUE">18</attwidth><atprecis Sync="TRUE">18</atprecis><attscale Sync="TRUE">0</attscale></attr><attr><attrlabl Sync="TRUE">DP04_0127E</attrlabl><attalias Sync="TRUE">DP04_0127E</attalias><attrtype Sync="TRUE">Double</attrtype><attwidth Sync="TRUE">18</attwidth><atprecis Sync="TRUE">18</atprecis><attscale Sync="TRUE">0</attscale></attr><attr><attrlabl Sync="TRUE">DP04_0134E</attrlabl><attalias Sync="TRUE">DP04_0134E</attalias><attrtype Sync="TRUE">Double</attrtype><attwidth Sync="TRUE">19</attwidth><atprecis Sync="TRUE">18</atprecis><attscale Sync="TRUE">15</attscale></attr><attr><attrlabl Sync="TRUE">DP04_0135E</attrlabl><attalias Sync="TRUE">DP04_0135E</attalias><attrtype Sync="TRUE">Double</attrtype><attwidth Sync="TRUE">18</attwidth><atprecis Sync="TRUE">18</atprecis><attscale Sync="TRUE">0</attscale></attr><attr><attrlabl Sync="TRUE">DP04_0088E</attrlabl><attalias Sync="TRUE">DP04_0088E</attalias><attrtype Sync="TRUE">Double</attrtype><attwidth Sync="TRUE">18</attwidth><atprecis Sync="TRUE">18</atprecis><attscale Sync="TRUE">0</attscale></attr><attr><attrlabl Sync="TRUE">DP04_0083E</attrlabl><attalias Sync="TRUE">DP04_0083E</attalias><attrtype Sync="TRUE">Double</attrtype><attwidth Sync="TRUE">18</attwidth><atprecis Sync="TRUE">18</atprecis><attscale Sync="TRUE">0</attscale></attr><attr><attrlabl Sync="TRUE">DP04_0084E</attrlabl><attalias Sync="TRUE">DP04_0084E</attalias><attrtype Sync="TRUE">Double</attrtype><attwidth Sync="TRUE">18</attwidth><atprecis Sync="TRUE">18</atprecis><attscale Sync="TRUE">0</attscale></attr><attr><attrlabl Sync="TRUE">DP04_0085E</attrlabl><attalias Sync="TRUE">DP04_0085E</attalias><attrtype Sync="TRUE">Double</attrtype><attwidth Sync="TRUE">18</attwidth><atprecis Sync="TRUE">18</atprecis><attscale Sync="TRUE">0</attscale></attr><attr><attrlabl Sync="TRUE">DP04_0086E</attrlabl><attalias Sync="TRUE">DP04_0086E</attalias><attrtype Sync="TRUE">Double</attrtype><attwidth Sync="TRUE">18</attwidth><atprecis Sync="TRUE">18</atprecis><attscale Sync="TRUE">0</attscale></attr><attr><attrlabl Sync="TRUE">DP04_0082E</attrlabl><attalias Sync="TRUE">DP04_0082E</attalias><attrtype Sync="TRUE">Double</attrtype><attwidth Sync="TRUE">18</attwidth><atprecis Sync="TRUE">18</atprecis><attscale Sync="TRUE">0</attscale></attr><attr><attrlabl Sync="TRUE">DP04_0087E</attrlabl><attalias Sync="TRUE">DP04_0087E</attalias><attrtype Sync="TRUE">Double</attrtype><attwidth Sync="TRUE">18</attwidth><atprecis Sync="TRUE">18</atprecis><attscale Sync="TRUE">0</attscale></attr><attr><attrlabl Sync="TRUE">DP04_0081E</attrlabl><attalias Sync="TRUE">DP04_0081E</attalias><attrtype Sync="TRUE">Double</attrtype><attwidth Sync="TRUE">18</attwidth><atprecis Sync="TRUE">18</atprecis><attscale Sync="TRUE">0</attscale></attr><attr><attrlabl Sync="TRUE">DP04_0089E</attrlabl><attalias Sync="TRUE">DP04_0089E</attalias><attrtype Sync="TRUE">Double</attrtype><attwidth Sync="TRUE">19</attwidth><atprecis Sync="TRUE">18</atprecis><attscale Sync="TRUE">15</attscale></attr><attr><attrlabl Sync="TRUE">DP04_0126P</attrlabl><attalias Sync="TRUE">DP04_0126P</attalias><attrtype Sync="TRUE">Double</attrtype><attwidth Sync="TRUE">18</attwidth><atprecis Sync="TRUE">18</atprecis><attscale Sync="TRUE">0</attscale></attr><attr><attrlabl Sync="TRUE">DP04_0129P</attrlabl><attalias Sync="TRUE">DP04_0129P</attalias><attrtype Sync="TRUE">Double</attrtype><attwidth Sync="TRUE">19</attwidth><atprecis Sync="TRUE">18</atprecis><attscale Sync="TRUE">15</attscale></attr><attr><attrlabl Sync="TRUE">DP04_0130P</attrlabl><attalias Sync="TRUE">DP04_0130P</attalias><attrtype Sync="TRUE">Double</attrtype><attwidth Sync="TRUE">19</attwidth><atprecis Sync="TRUE">18</atprecis><attscale Sync="TRUE">15</attscale></attr><attr><attrlabl Sync="TRUE">DP04_0131P</attrlabl><attalias Sync="TRUE">DP04_0131P</attalias><attrtype Sync="TRUE">Double</attrtype><attwidth Sync="TRUE">19</attwidth><atprecis Sync="TRUE">18</atprecis><attscale Sync="TRUE">15</attscale></attr><attr><attrlabl Sync="TRUE">DP04_0132P</attrlabl><attalias Sync="TRUE">DP04_0132P</attalias><attrtype Sync="TRUE">Double</attrtype><attwidth Sync="TRUE">19</attwidth><atprecis Sync="TRUE">18</atprecis><attscale Sync="TRUE">15</attscale></attr><attr><attrlabl Sync="TRUE">DP04_0133P</attrlabl><attalias Sync="TRUE">DP04_0133P</attalias><attrtype Sync="TRUE">Double</attrtype><attwidth Sync="TRUE">19</attwidth><atprecis Sync="TRUE">18</atprecis><attscale Sync="TRUE">15</attscale></attr><attr><attrlabl Sync="TRUE">DP04_0128P</attrlabl><attalias Sync="TRUE">DP04_0128P</attalias><attrtype Sync="TRUE">Double</attrtype><attwidth Sync="TRUE">19</attwidth><atprecis Sync="TRUE">18</atprecis><attscale Sync="TRUE">15</attscale></attr><attr><attrlabl Sync="TRUE">DP04_0127P</attrlabl><attalias Sync="TRUE">DP04_0127P</attalias><attrtype Sync="TRUE">Double</attrtype><attwidth Sync="TRUE">19</attwidth><atprecis Sync="TRUE">18</atprecis><attscale Sync="TRUE">15</attscale></attr><attr><attrlabl Sync="TRUE">DP04_0088P</attrlabl><attalias Sync="TRUE">DP04_0088P</attalias><attrtype Sync="TRUE">Double</attrtype><attwidth Sync="TRUE">19</attwidth><atprecis Sync="TRUE">18</atprecis><attscale Sync="TRUE">15</attscale></attr><attr><attrlabl Sync="TRUE">DP04_0083P</attrlabl><attalias Sync="TRUE">DP04_0083P</attalias><attrtype Sync="TRUE">Double</attrtype><attwidth Sync="TRUE">19</attwidth><atprecis Sync="TRUE">18</atprecis><attscale Sync="TRUE">15</attscale></attr><attr><attrlabl Sync="TRUE">DP04_0084P</attrlabl><attalias Sync="TRUE">DP04_0084P</attalias><attrtype Sync="TRUE">Double</attrtype><attwidth Sync="TRUE">19</attwidth><atprecis Sync="TRUE">18</atprecis><attscale Sync="TRUE">15</attscale></attr><attr><attrlabl Sync="TRUE">DP04_0085P</attrlabl><attalias Sync="TRUE">DP04_0085P</attalias><attrtype Sync="TRUE">Double</attrtype><attwidth Sync="TRUE">19</attwidth><atprecis Sync="TRUE">18</atprecis><attscale Sync="TRUE">15</attscale></attr><attr><attrlabl Sync="TRUE">DP04_0086P</attrlabl><attalias Sync="TRUE">DP04_0086P</attalias><attrtype Sync="TRUE">Double</attrtype><attwidth Sync="TRUE">19</attwidth><atprecis Sync="TRUE">18</atprecis><attscale Sync="TRUE">15</attscale></attr><attr><attrlabl Sync="TRUE">DP04_0082P</attrlabl><attalias Sync="TRUE">DP04_0082P</attalias><attrtype Sync="TRUE">Double</attrtype><attwidth Sync="TRUE">19</attwidth><atprecis Sync="TRUE">18</atprecis><attscale Sync="TRUE">15</attscale></attr><attr><attrlabl Sync="TRUE">DP04_0087P</attrlabl><attalias Sync="TRUE">DP04_0087P</attalias><attrtype Sync="TRUE">Double</attrtype><attwidth Sync="TRUE">19</attwidth><atprecis Sync="TRUE">18</atprecis><attscale Sync="TRUE">15</attscale></attr><attr><attrlabl Sync="TRUE">DP04_0081P</attrlabl><attalias Sync="TRUE">DP04_0081P</attalias><attrtype Sync="TRUE">Double</attrtype><attwidth Sync="TRUE">19</attwidth><atprecis Sync="TRUE">18</atprecis><attscale Sync="TRUE">15</attscale></attr><attr><attrlabl Sync="TRUE">DP05_0089E</attrlabl><attalias Sync="TRUE">DP05_0089E</attalias><attrtype Sync="TRUE">Double</attrtype><attwidth Sync="TRUE">18</attwidth><atprecis Sync="TRUE">18</atprecis><attscale Sync="TRUE">0</attscale></attr><attr><attrlabl Sync="TRUE">DP05_0091E</attrlabl><attalias Sync="TRUE">DP05_0091E</attalias><attrtype Sync="TRUE">Double</attrtype><attwidth Sync="TRUE">18</attwidth><atprecis Sync="TRUE">18</atprecis><attscale Sync="TRUE">0</attscale></attr><attr><attrlabl Sync="TRUE">DP05_0090E</attrlabl><attalias Sync="TRUE">DP05_0090E</attalias><attrtype Sync="TRUE">Double</attrtype><attwidth Sync="TRUE">18</attwidth><atprecis Sync="TRUE">18</atprecis><attscale Sync="TRUE">0</attscale></attr><attr><attrlabl Sync="TRUE">DP05_0073E</attrlabl><attalias Sync="TRUE">DP05_0073E</attalias><attrtype Sync="TRUE">Double</attrtype><attwidth Sync="TRUE">18</attwidth><atprecis Sync="TRUE">18</atprecis><attscale Sync="TRUE">0</attscale></attr><attr><attrlabl Sync="TRUE">DP05_0078E</attrlabl><attalias Sync="TRUE">DP05_0078E</attalias><attrtype Sync="TRUE">Double</attrtype><attwidth Sync="TRUE">18</attwidth><atprecis Sync="TRUE">18</atprecis><attscale Sync="TRUE">0</attscale></attr><attr><attrlabl Sync="TRUE">DP05_0081E</attrlabl><attalias Sync="TRUE">DP05_0081E</attalias><attrtype Sync="TRUE">Double</attrtype><attwidth Sync="TRUE">18</attwidth><atprecis Sync="TRUE">18</atprecis><attscale Sync="TRUE">0</attscale></attr><attr><attrlabl Sync="TRUE">DP05_0082E</attrlabl><attalias Sync="TRUE">DP05_0082E</attalias><attrtype Sync="TRUE">Double</attrtype><attwidth Sync="TRUE">18</attwidth><atprecis Sync="TRUE">18</atprecis><attscale Sync="TRUE">0</attscale></attr><attr><attrlabl Sync="TRUE">DP05_0080E</attrlabl><attalias Sync="TRUE">DP05_0080E</attalias><attrtype Sync="TRUE">Double</attrtype><attwidth Sync="TRUE">18</attwidth><atprecis Sync="TRUE">18</atprecis><attscale Sync="TRUE">0</attscale></attr><attr><attrlabl Sync="TRUE">DP05_0083E</attrlabl><attalias Sync="TRUE">DP05_0083E</attalias><attrtype Sync="TRUE">Double</attrtype><attwidth Sync="TRUE">18</attwidth><atprecis Sync="TRUE">18</atprecis><attscale Sync="TRUE">0</attscale></attr><attr><attrlabl Sync="TRUE">DP05_0084E</attrlabl><attalias Sync="TRUE">DP05_0084E</attalias><attrtype Sync="TRUE">Double</attrtype><attwidth Sync="TRUE">18</attwidth><atprecis Sync="TRUE">18</atprecis><attscale Sync="TRUE">0</attscale></attr><attr><attrlabl Sync="TRUE">DP05_0085E</attrlabl><attalias Sync="TRUE">DP05_0085E</attalias><attrtype Sync="TRUE">Double</attrtype><attwidth Sync="TRUE">18</attwidth><atprecis Sync="TRUE">18</atprecis><attscale Sync="TRUE">0</attscale></attr><attr><attrlabl Sync="TRUE">DP05_0087E</attrlabl><attalias Sync="TRUE">DP05_0087E</attalias><attrtype Sync="TRUE">Double</attrtype><attwidth Sync="TRUE">18</attwidth><atprecis Sync="TRUE">18</atprecis><attscale Sync="TRUE">0</attscale></attr><attr><attrlabl Sync="TRUE">DP05_0086E</attrlabl><attalias Sync="TRUE">DP05_0086E</attalias><attrtype Sync="TRUE">Double</attrtype><attwidth Sync="TRUE">18</attwidth><atprecis Sync="TRUE">18</atprecis><attscale Sync="TRUE">0</attscale></attr><attr><attrlabl Sync="TRUE">DP05_0079E</attrlabl><attalias Sync="TRUE">DP05_0079E</attalias><attrtype Sync="TRUE">Double</attrtype><attwidth Sync="TRUE">18</attwidth><atprecis Sync="TRUE">18</atprecis><attscale Sync="TRUE">0</attscale></attr><attr><attrlabl Sync="TRUE">DP05_0001E</attrlabl><attalias Sync="TRUE">DP05_0001E</attalias><attrtype Sync="TRUE">Double</attrtype><attwidth Sync="TRUE">18</attwidth><atprecis Sync="TRUE">18</atprecis><attscale Sync="TRUE">0</attscale></attr><attr><attrlabl Sync="TRUE">DP05_0007E</attrlabl><attalias Sync="TRUE">DP05_0007E</attalias><attrtype Sync="TRUE">Double</attrtype><attwidth Sync="TRUE">18</attwidth><atprecis Sync="TRUE">18</atprecis><attscale Sync="TRUE">0</attscale></attr><attr><attrlabl Sync="TRUE">DP05_0008E</attrlabl><attalias Sync="TRUE">DP05_0008E</attalias><attrtype Sync="TRUE">Double</attrtype><attwidth Sync="TRUE">18</attwidth><atprecis Sync="TRUE">18</atprecis><attscale Sync="TRUE">0</attscale></attr><attr><attrlabl Sync="TRUE">DP05_0009E</attrlabl><attalias Sync="TRUE">DP05_0009E</attalias><attrtype Sync="TRUE">Double</attrtype><attwidth Sync="TRUE">18</attwidth><atprecis Sync="TRUE">18</atprecis><attscale Sync="TRUE">0</attscale></attr><attr><attrlabl Sync="TRUE">DP05_0010E</attrlabl><attalias Sync="TRUE">DP05_0010E</attalias><attrtype Sync="TRUE">Double</attrtype><attwidth Sync="TRUE">18</attwidth><atprecis Sync="TRUE">18</atprecis><attscale Sync="TRUE">0</attscale></attr><attr><attrlabl Sync="TRUE">DP05_0011E</attrlabl><attalias Sync="TRUE">DP05_0011E</attalias><attrtype Sync="TRUE">Double</attrtype><attwidth Sync="TRUE">18</attwidth><atprecis Sync="TRUE">18</atprecis><attscale Sync="TRUE">0</attscale></attr><attr><attrlabl Sync="TRUE">DP05_0012E</attrlabl><attalias Sync="TRUE">DP05_0012E</attalias><attrtype Sync="TRUE">Double</attrtype><attwidth Sync="TRUE">18</attwidth><atprecis Sync="TRUE">18</atprecis><attscale Sync="TRUE">0</attscale></attr><attr><attrlabl Sync="TRUE">DP05_0006E</attrlabl><attalias Sync="TRUE">DP05_0006E</attalias><attrtype Sync="TRUE">Double</attrtype><attwidth Sync="TRUE">18</attwidth><atprecis Sync="TRUE">18</atprecis><attscale Sync="TRUE">0</attscale></attr><attr><attrlabl Sync="TRUE">DP05_0013E</attrlabl><attalias Sync="TRUE">DP05_0013E</attalias><attrtype Sync="TRUE">Double</attrtype><attwidth Sync="TRUE">18</attwidth><atprecis Sync="TRUE">18</atprecis><attscale Sync="TRUE">0</attscale></attr><attr><attrlabl Sync="TRUE">DP05_0014E</attrlabl><attalias Sync="TRUE">DP05_0014E</attalias><attrtype Sync="TRUE">Double</attrtype><attwidth Sync="TRUE">18</attwidth><atprecis Sync="TRUE">18</atprecis><attscale Sync="TRUE">0</attscale></attr><attr><attrlabl Sync="TRUE">DP05_0015E</attrlabl><attalias Sync="TRUE">DP05_0015E</attalias><attrtype Sync="TRUE">Double</attrtype><attwidth Sync="TRUE">18</attwidth><atprecis Sync="TRUE">18</atprecis><attscale Sync="TRUE">0</attscale></attr><attr><attrlabl Sync="TRUE">DP05_0016E</attrlabl><attalias Sync="TRUE">DP05_0016E</attalias><attrtype Sync="TRUE">Double</attrtype><attwidth Sync="TRUE">18</attwidth><atprecis Sync="TRUE">18</atprecis><attscale Sync="TRUE">0</attscale></attr><attr><attrlabl Sync="TRUE">DP05_0017E</attrlabl><attalias Sync="TRUE">DP05_0017E</attalias><attrtype Sync="TRUE">Double</attrtype><attwidth Sync="TRUE">18</attwidth><atprecis Sync="TRUE">18</atprecis><attscale Sync="TRUE">0</attscale></attr><attr><attrlabl Sync="TRUE">DP05_0003E</attrlabl><attalias Sync="TRUE">DP05_0003E</attalias><attrtype Sync="TRUE">Double</attrtype><attwidth Sync="TRUE">18</attwidth><atprecis Sync="TRUE">18</atprecis><attscale Sync="TRUE">0</attscale></attr><attr><attrlabl Sync="TRUE">DP05_0002E</attrlabl><attalias Sync="TRUE">DP05_0002E</attalias><attrtype Sync="TRUE">Double</attrtype><attwidth Sync="TRUE">18</attwidth><atprecis Sync="TRUE">18</atprecis><attscale Sync="TRUE">0</attscale></attr><attr><attrlabl Sync="TRUE">DP05_0018E</attrlabl><attalias Sync="TRUE">DP05_0018E</attalias><attrtype Sync="TRUE">Double</attrtype><attwidth Sync="TRUE">19</attwidth><atprecis Sync="TRUE">18</atprecis><attscale Sync="TRUE">15</attscale></attr><attr><attrlabl Sync="TRUE">DP05_0005E</attrlabl><attalias Sync="TRUE">DP05_0005E</attalias><attrtype Sync="TRUE">Double</attrtype><attwidth Sync="TRUE">18</attwidth><atprecis Sync="TRUE">18</atprecis><attscale Sync="TRUE">0</attscale></attr><attr><attrlabl Sync="TRUE">DP05_0089P</attrlabl><attalias Sync="TRUE">DP05_0089P</attalias><attrtype Sync="TRUE">Double</attrtype><attwidth Sync="TRUE">18</attwidth><atprecis Sync="TRUE">18</atprecis><attscale Sync="TRUE">0</attscale></attr><attr><attrlabl Sync="TRUE">DP05_0091P</attrlabl><attalias Sync="TRUE">DP05_0091P</attalias><attrtype Sync="TRUE">Double</attrtype><attwidth Sync="TRUE">19</attwidth><atprecis Sync="TRUE">18</atprecis><attscale Sync="TRUE">15</attscale></attr><attr><attrlabl Sync="TRUE">DP05_0090P</attrlabl><attalias Sync="TRUE">DP05_0090P</attalias><attrtype Sync="TRUE">Double</attrtype><attwidth Sync="TRUE">19</attwidth><atprecis Sync="TRUE">18</atprecis><attscale Sync="TRUE">15</attscale></attr><attr><attrlabl Sync="TRUE">DP05_0073P</attrlabl><attalias Sync="TRUE">DP05_0073P</attalias><attrtype Sync="TRUE">Double</attrtype><attwidth Sync="TRUE">19</attwidth><atprecis Sync="TRUE">18</atprecis><attscale Sync="TRUE">15</attscale></attr><attr><attrlabl Sync="TRUE">DP05_0078P</attrlabl><attalias Sync="TRUE">DP05_0078P</attalias><attrtype Sync="TRUE">Double</attrtype><attwidth Sync="TRUE">19</attwidth><atprecis Sync="TRUE">18</atprecis><attscale Sync="TRUE">15</attscale></attr><attr><attrlabl Sync="TRUE">DP05_0081P</attrlabl><attalias Sync="TRUE">DP05_0081P</attalias><attrtype Sync="TRUE">Double</attrtype><attwidth Sync="TRUE">19</attwidth><atprecis Sync="TRUE">18</atprecis><attscale Sync="TRUE">15</attscale></attr><attr><attrlabl Sync="TRUE">DP05_0082P</attrlabl><attalias Sync="TRUE">DP05_0082P</attalias><attrtype Sync="TRUE">Double</attrtype><attwidth Sync="TRUE">19</attwidth><atprecis Sync="TRUE">18</atprecis><attscale Sync="TRUE">15</attscale></attr><attr><attrlabl Sync="TRUE">DP05_0080P</attrlabl><attalias Sync="TRUE">DP05_0080P</attalias><attrtype Sync="TRUE">Double</attrtype><attwidth Sync="TRUE">19</attwidth><atprecis Sync="TRUE">18</atprecis><attscale Sync="TRUE">15</attscale></attr><attr><attrlabl Sync="TRUE">DP05_0083P</attrlabl><attalias Sync="TRUE">DP05_0083P</attalias><attrtype Sync="TRUE">Double</attrtype><attwidth Sync="TRUE">19</attwidth><atprecis Sync="TRUE">18</atprecis><attscale Sync="TRUE">15</attscale></attr><attr><attrlabl Sync="TRUE">DP05_0084P</attrlabl><attalias Sync="TRUE">DP05_0084P</attalias><attrtype Sync="TRUE">Double</attrtype><attwidth Sync="TRUE">19</attwidth><atprecis Sync="TRUE">18</atprecis><attscale Sync="TRUE">15</attscale></attr><attr><attrlabl Sync="TRUE">DP05_0085P</attrlabl><attalias Sync="TRUE">DP05_0085P</attalias><attrtype Sync="TRUE">Double</attrtype><attwidth Sync="TRUE">19</attwidth><atprecis Sync="TRUE">18</atprecis><attscale Sync="TRUE">15</attscale></attr><attr><attrlabl Sync="TRUE">DP05_0087P</attrlabl><attalias Sync="TRUE">DP05_0087P</attalias><attrtype Sync="TRUE">Double</attrtype><attwidth Sync="TRUE">19</attwidth><atprecis Sync="TRUE">18</atprecis><attscale Sync="TRUE">15</attscale></attr><attr><attrlabl Sync="TRUE">DP05_0086P</attrlabl><attalias Sync="TRUE">DP05_0086P</attalias><attrtype Sync="TRUE">Double</attrtype><attwidth Sync="TRUE">19</attwidth><atprecis Sync="TRUE">18</atprecis><attscale Sync="TRUE">15</attscale></attr><attr><attrlabl Sync="TRUE">DP05_0079P</attrlabl><attalias Sync="TRUE">DP05_0079P</attalias><attrtype Sync="TRUE">Double</attrtype><attwidth Sync="TRUE">19</attwidth><atprecis Sync="TRUE">18</atprecis><attscale Sync="TRUE">15</attscale></attr><attr><attrlabl Sync="TRUE">DP05_0001P</attrlabl><attalias Sync="TRUE">DP05_0001P</attalias><attrtype Sync="TRUE">Double</attrtype><attwidth Sync="TRUE">18</attwidth><atprecis Sync="TRUE">18</atprecis><attscale Sync="TRUE">0</attscale></attr><attr><attrlabl Sync="TRUE">DP05_0007P</attrlabl><attalias Sync="TRUE">DP05_0007P</attalias><attrtype Sync="TRUE">Double</attrtype><attwidth Sync="TRUE">19</attwidth><atprecis Sync="TRUE">18</atprecis><attscale Sync="TRUE">15</attscale></attr><attr><attrlabl Sync="TRUE">DP05_0008P</attrlabl><attalias Sync="TRUE">DP05_0008P</attalias><attrtype Sync="TRUE">Double</attrtype><attwidth Sync="TRUE">19</attwidth><atprecis Sync="TRUE">18</atprecis><attscale Sync="TRUE">15</attscale></attr><attr><attrlabl Sync="TRUE">DP05_0009P</attrlabl><attalias Sync="TRUE">DP05_0009P</attalias><attrtype Sync="TRUE">Double</attrtype><attwidth Sync="TRUE">19</attwidth><atprecis Sync="TRUE">18</atprecis><attscale Sync="TRUE">15</attscale></attr><attr><attrlabl Sync="TRUE">DP05_0010P</attrlabl><attalias Sync="TRUE">DP05_0010P</attalias><attrtype Sync="TRUE">Double</attrtype><attwidth Sync="TRUE">19</attwidth><atprecis Sync="TRUE">18</atprecis><attscale Sync="TRUE">15</attscale></attr><attr><attrlabl Sync="TRUE">DP05_0011P</attrlabl><attalias Sync="TRUE">DP05_0011P</attalias><attrtype Sync="TRUE">Double</attrtype><attwidth Sync="TRUE">19</attwidth><atprecis Sync="TRUE">18</atprecis><attscale Sync="TRUE">15</attscale></attr><attr><attrlabl Sync="TRUE">DP05_0012P</attrlabl><attalias Sync="TRUE">DP05_0012P</attalias><attrtype Sync="TRUE">Double</attrtype><attwidth Sync="TRUE">19</attwidth><atprecis Sync="TRUE">18</atprecis><attscale Sync="TRUE">15</attscale></attr><attr><attrlabl Sync="TRUE">DP05_0006P</attrlabl><attalias Sync="TRUE">DP05_0006P</attalias><attrtype Sync="TRUE">Double</attrtype><attwidth Sync="TRUE">19</attwidth><atprecis Sync="TRUE">18</atprecis><attscale Sync="TRUE">15</attscale></attr><attr><attrlabl Sync="TRUE">DP05_0013P</attrlabl><attalias Sync="TRUE">DP05_0013P</attalias><attrtype Sync="TRUE">Double</attrtype><attwidth Sync="TRUE">19</attwidth><atprecis Sync="TRUE">18</atprecis><attscale Sync="TRUE">15</attscale></attr><attr><attrlabl Sync="TRUE">DP05_0014P</attrlabl><attalias Sync="TRUE">DP05_0014P</attalias><attrtype Sync="TRUE">Double</attrtype><attwidth Sync="TRUE">19</attwidth><atprecis Sync="TRUE">18</atprecis><attscale Sync="TRUE">15</attscale></attr><attr><attrlabl Sync="TRUE">DP05_0015P</attrlabl><attalias Sync="TRUE">DP05_0015P</attalias><attrtype Sync="TRUE">Double</attrtype><attwidth Sync="TRUE">19</attwidth><atprecis Sync="TRUE">18</atprecis><attscale Sync="TRUE">15</attscale></attr><attr><attrlabl Sync="TRUE">DP05_0016P</attrlabl><attalias Sync="TRUE">DP05_0016P</attalias><attrtype Sync="TRUE">Double</attrtype><attwidth Sync="TRUE">19</attwidth><atprecis Sync="TRUE">18</atprecis><attscale Sync="TRUE">15</attscale></attr><attr><attrlabl Sync="TRUE">DP05_0003P</attrlabl><attalias Sync="TRUE">DP05_0003P</attalias><attrtype Sync="TRUE">Double</attrtype><attwidth Sync="TRUE">19</attwidth><atprecis Sync="TRUE">18</atprecis><attscale Sync="TRUE">15</attscale></attr><attr><attrlabl Sync="TRUE">DP05_0002P</attrlabl><attalias Sync="TRUE">DP05_0002P</attalias><attrtype Sync="TRUE">Double</attrtype><attwidth Sync="TRUE">19</attwidth><atprecis Sync="TRUE">18</atprecis><attscale Sync="TRUE">15</attscale></attr><attr><attrlabl Sync="TRUE">DP05_0005P</attrlabl><attalias Sync="TRUE">DP05_0005P</attalias><attrtype Sync="TRUE">Double</attrtype><attwidth Sync="TRUE">19</attwidth><atprecis Sync="TRUE">18</atprecis><attscale Sync="TRUE">15</attscale></attr><attr><attrlabl Sync="TRUE">GID_NEIGHB</attrlabl><attalias Sync="TRUE">GID_NEIGHB</attalias><attrtype Sync="TRUE">String</attrtype><attwidth Sync="TRUE">193</attwidth><atprecis Sync="TRUE">0</atprecis><attscale Sync="TRUE">0</attscale></attr><attr><attrlabl Sync="TRUE">ID</attrlabl><attalias Sync="TRUE">ID</attalias><attrtype Sync="TRUE">Integer</attrtype><attwidth Sync="TRUE">5</attwidth><atprecis Sync="TRUE">5</atprecis><attscale Sync="TRUE">0</attscale></attr></detailed></eainfo><mdDateSt Sync="TRUE">20240729</mdDateSt></metadata>
